transaction_hash,from_address,to_address,timestamp,chain,token_symbol,amount_usd,gas_fee_usd,tx_type,status,year,month,day
0xd5ab8dc7ef67ca92e41d730982c5c602,0x3d517fe6ebab7b8cfcf98db6259c8a59,0x493dfb5090f60f4c095be6946290bd14,2024-01-01 00:00:00,ethereum,MATIC,100.17,11.6753,transfer,confirmed,2024,1,1
0xc3daba8ba04565423e12eb8cb6237b46,0x24c9e15e52afc47c225b757e7bee1f9d,0xf98919752bf9bfb31e539a1fe663fd68,2024-01-01 00:25:00,polygon,BTC,16.44,11.3654,stake,confirmed,2024,1,1
0xf3957fa3bea9138b3f54f0e18975a30c,0x7e58d63b60197ceb55a1c487989a3720,0x8b550a0ca911a53b1c6fc398c7828f40,2024-01-01 00:50:00,bitcoin,BTC,927.48,5.8863,mint,failed,2024,1,1
0x532435c44bec236b471a47a88d63513d,0x92877af70a45fd6a2ed7fe81e1236b78,0x3e99ad8ee3fbcbfa3d369d7fb0b0ea89,2024-01-01 01:15:00,polygon,MATIC,37.84,6.6101,transfer,confirmed,2024,1,1
0x3799b2e805a7fa8b076fc020574a73b2,0x3f02ebe3d7929b091e3d8ccfde2f3bc6,0xdbb63dee74ead9034defd63d91d197e9,2024-01-01 01:40:00,solana,ETH,21.1,1.1145,swap,confirmed,2024,1,1
0x6872937617af85db5a39a5243e858d1f,0x0a791842f52a0acfbb3a783378c066b8,0xb522147e61ba70e1757adf4988757bca,2024-01-01 02:05:00,bitcoin,USDC,3.96,1.5218,transfer,pending,2024,1,1
0x831da40e5907987235ebe5616446e083,0xaffec3b64cf90492377a8114c86fc093,0xf0277b130fa4966f39fd1986168dc042,2024-01-01 02:30:00,bitcoin,ETH,91.45,2.0052,transfer,confirmed,2024,1,1
0x64314c17210c549a854f1f1c7adce8b6,0x3e0469fb134991f8f75a2760e409c6ed,0xe3f75d063f1c0ffeecdc7279a596b33d,2024-01-01 02:55:00,ethereum,BTC,11.08,3.3926,swap,confirmed,2024,1,1
0xa1324603d9b1a22277809229934a36fd,0x7668f673d5669995175ef91b5d171945,0xf13932e0a4ec5d0230b59297872828c3,2024-01-01 03:20:00,ethereum,BTC,31.87,9.4554,transfer,confirmed,2024,1,1
0xddf354219aac374f1d40b7e760ee5bb7,0x8808a13b854c2563da1a5f6cb2130868,0x9bb2ae6f61c1343a3d1dba3c1d3c2543,2024-01-01 03:45:00,bitcoin,BTC,221.09,1.076,mint,confirmed,2024,1,1
0xdff1749a367a95e75a84a6385df5dfa9,0x990d67a9f94696b1abe2dccf06900322,0x367c0d916d8b0783510edcdff8d74e73,2024-01-01 04:10:00,polygon,ETH,96.21,3.4696,transfer,confirmed,2024,1,1
0x840c3eda3ea42ecd90aeb3434f3510b7,0x03aa1a0b0375b0461c1b8f35b234e67a,0xe60b7244807a33098cb8b5470084a291,2024-01-01 04:35:00,polygon,BTC,687.17,1.5574,transfer,confirmed,2024,1,1
0xc5c53759e4dd1bfe8b3dcfec37d0ea72,0xd781eaae8248db6ce1a7b82e58e60435,0x636108aafd77e91e6653926a7a32234f,2024-01-01 05:00:00,bitcoin,BTC,165.72,1.289,burn,confirmed,2024,1,1
0x17ab7b5bb7ca18f6d5f33dfbcbaee1a2,0xd09979d794a6ee60d836f884739f7196,0xe4cec665be9f87189bb2bd890e869de4,2024-01-01 05:25:00,ethereum,MATIC,40.13,14.6074,transfer,confirmed,2024,1,1
0xdc554706afe4c72a60a25314cbaece80,0xef06d5cbf35386ff2203d186eeff7923,0x6651559484a21926c6b75bc13df02f63,2024-01-01 05:50:00,ethereum,MATIC,46.55,4.8493,swap,confirmed,2024,1,1
0x9c509b71f28ed054340ab236be2f83bd,0x726dedc0d6788b05f486730edcc0e871,0xe38ec8009cd040f93d45485dd587fa5f,2024-01-01 06:15:00,solana,USDT,32.63,16.5788,burn,confirmed,2024,1,1
0x7078971350bcefbc6ec2779c9b84a9bd,0x8a62f0beaa5ae938956f5ea290321336,0xf0814ba06ab02d84fa42e227b8474223,2024-01-01 06:40:00,ethereum,MATIC,327.91,11.5571,swap,confirmed,2024,1,1
0x2cb6a27d266231298f8e74610bab6fe8,0x2b4233ebec7a45e1fb8ddd1aab794f7b,0x8a79ac9d1156e5544b5e1d82e29928d5,2024-01-01 07:05:00,bitcoin,USDC,93.97,2.1444,stake,confirmed,2024,1,1
0xa24bdc3e59a4c624eee8318a51bb55b9,0x7ac18a1893e1d2bd5b46958ce1d2a8d0,0x51e30bcda7c1b6dd1c64bdba041691d6,2024-01-01 07:30:00,solana,BTC,39.57,1.0164,transfer,confirmed,2024,1,1
0x9bccc2a2179ce6e52f17bb831bc4ac1e,0x2baab43f784b5b530b5347a50490bb0a,0x0d298daf0cd25f898698d63619bb225c,2024-01-01 07:55:00,ethereum,ETH,487.77,23.4781,transfer,confirmed,2024,1,1
0xf1e709e6aef16ba2f0cd6c7e4f52b9b6,0x10880c7f4e4209eeda79711e1ea1723e,0x50d40c7d65b8cce86464ece30791baf1,2024-01-01 08:20:00,polygon,USDT,109.13,3.2413,swap,confirmed,2024,1,1
0xd846e38f1196eb61a7b71e1cd7a913e4,0x2e129db15b6d6db5342ba5d328642262,0x20b84384554672518ea97074364e8ced,2024-01-01 08:45:00,solana,BTC,35.48,1.7938,transfer,confirmed,2024,1,1
0xe6ff107459d435e38b54ad4c06202c33,0x87dc1e131a1369fdf8f1c824a6a62dff,0x98904c8432e48475e7f9a1a1a462d9f2,2024-01-01 09:10:00,ethereum,ETH,4.37,7.7907,stake,confirmed,2024,1,1
0xdbea3d0e2a17c170c412c74273778159,0x00a65dd47e842bcc3d82a296301071fb,0x07444d0dfde49951b5e96bced7d1bd5f,2024-01-01 09:35:00,bitcoin,MATIC,215.93,4.9988,swap,confirmed,2024,1,1
0x952285b9b7e7a1be5aa7849f32ffff05,0x5e6c9b24829588e0ac8f7d8074a4bfd4,0xe27cb7f03e26d81b0524bc2712f875bb,2024-01-01 10:00:00,solana,MATIC,145.1,2.6192,swap,confirmed,2024,1,1
0x33686c2d8930be81c843ffb7d4312605,0x0f8f84c18bfd5244ed976f63924a8a0e,0x8d60a2d24ac32109838dba8ccfd474dd,2024-01-01 10:25:00,ethereum,USDT,99.75,3.3983,swap,confirmed,2024,1,1
0xa8fa3c8e035cf26461d25cf448047f04,0xa507ac920f797876259f3c91f5cdef99,0x9aae4b65adaf348fba0b9782faa2d060,2024-01-01 10:50:00,bitcoin,USDT,37.78,5.0991,swap,failed,2024,1,1
0x8caa38721906c1a0bb95c80fab33a893,0x078d079e6146dec4dbf2135a8e513e2e,0x59a09da2dea0e23af829a8a7d7eb626c,2024-01-01 11:15:00,polygon,USDT,17.0,4.7548,transfer,confirmed,2024,1,1
0xb21d2f86beb192143a04671ac93bfd00,0xb6f7fac0074f6508e5a4540ad89b55c0,0x315b4b76c41a8d69ed1bfd06dc4fddfd,2024-01-01 11:40:00,polygon,MATIC,57.2,8.2023,transfer,confirmed,2024,1,1
0xd14c2267d848abeb81fd590f371d39bd,0x244fd63d0adbf673130fce2f222078a5,0x913fe9b025e9c167d408514af9acc93f,2024-01-01 12:05:00,bitcoin,BTC,143.0,3.3778,transfer,confirmed,2024,1,1
0x3499738f724b2ae08a1871b6a0a7d175,0x40b13b85e6e4fc9c4a6f24379db20a39,0x523674f0254a14ac1846b3f0c9a6fc9f,2024-01-01 12:30:00,ethereum,USDT,69.71,3.4058,transfer,confirmed,2024,1,1
0xe2e14235335d2c0aa5f6855e339233d9,0x0c673c53a29acb19c7e55b292d259e4d,0xf334f3d21525d7b20c3c864c54d4ddaf,2024-01-01 12:55:00,bitcoin,ETH,67.4,7.2464,swap,confirmed,2024,1,1
0x869b61d6a909d51d982bae4dfd341f0a,0xd21dbd2c4e178b2cb55dce0c6a43effc,0x598179f6dfd19aa5ce9c09ae9afe46e0,2024-01-01 13:20:00,bitcoin,ETH,35.29,5.7567,transfer,confirmed,2024,1,1
0x3613ef1ee5b75945c042bfb124275a0b,0xc6f273ac241a04216e0a703c18c36532,0x9e74e952664ac31a20baa2f413ea1fdc,2024-01-01 13:45:00,bitcoin,USDT,177.29,10.7554,stake,confirmed,2024,1,1
0x3ba07b63865ffdcc83f484c6749df719,0x9ece8c4020f8aed10676cd1c56a41889,0x45afcb58b2287566457514fd63547d39,2024-01-01 14:10:00,bitcoin,ETH,143.63,3.6696,transfer,confirmed,2024,1,1
0xd91fb359652b5c9d9842b11d1c6fada5,0x8cd5a487792e95045574fe205e4efdf9,0x641ca52cceb69aeb7138c404690899b7,2024-01-01 14:35:00,polygon,ETH,19.99,4.1426,transfer,confirmed,2024,1,1
0x1e14bfe2714193e7af5abc64ecbd6b46,0x41a2abe109f243e12e72133cf46ea5db,0x97c459ad151b98091a5257ef6f9b3d8f,2024-01-01 15:00:00,polygon,BTC,411.8,1.7775,burn,confirmed,2024,1,1
0x209a38b64aac6816dd61ee8f4286939c,0x657bc81a9e2fba4293ed712d02a82191,0x30d8e7d93bdce7785022474a4936c960,2024-01-01 15:25:00,ethereum,USDT,438.22,14.8703,swap,confirmed,2024,1,1
0x3ceca2fc13c2fa01d4aed1e552d3a6fb,0xe6f3956464556eb0f7e310ccfaebe1d1,0x4206b581535fe50d934b0ddbcb6f9f9f,2024-01-01 15:50:00,bitcoin,ETH,458.15,1.4696,transfer,confirmed,2024,1,1
0x799fc232a527e7a7d6435c945083a329,0x89a0afa8bca03ba74e75fe1e36d1a431,0xc6ad3e56b5ba93cd0daff6ebf10ecde8,2024-01-01 16:15:00,ethereum,USDC,69.32,5.268,swap,confirmed,2024,1,1
0x8be627bc543fd91be4d7f26ee86f5ee9,0x3695b09d29f3d88d21ad2bbfc230edae,0x98b1599c6a7bb8928d8ce5b159248296,2024-01-01 16:40:00,bitcoin,USDT,61.05,2.1955,transfer,failed,2024,1,1
0x70d355680e628fe1c552221f690d8da4,0xbb534b6741a863fd098b8ea0a709d680,0x6fb046523caeeee13834a89ce81ea2d1,2024-01-01 17:05:00,bitcoin,USDT,8.86,5.8703,transfer,confirmed,2024,1,1
0xbfe6caa90f31d889bd773c2eabe70679,0xfd8689cb80113b68be586d8b5a6aa06a,0xc95bb5b8e0b41912f920009f975b6f68,2024-01-01 17:30:00,polygon,USDC,407.21,8.1295,stake,confirmed,2024,1,1
0xfdfb747f3811c255ad0e32fce91d72df,0xf0b3b7623d3bedf898459673d778319e,0x1e32f7a456f064374d79531d261aee2d,2024-01-01 17:55:00,bitcoin,ETH,1.26,1.2075,burn,confirmed,2024,1,1
0xcaaeb10544b465034f389991efc90877,0x93b1ad3cfaeb254ea3c68ee7ea23c582,0xf82c75248f4aef146d6188f4db622d62,2024-01-01 18:20:00,bitcoin,ETH,41.19,3.7858,swap,confirmed,2024,1,1
0x05b15a3bd85969833e55b3f05185dcb9,0xff0aa5febff01840387a57bf41db361d,0x40bdbb086e97593bafaabf5a786a5eab,2024-01-01 18:45:00,polygon,MATIC,45.62,1.0993,transfer,confirmed,2024,1,1
0x71c1806ca28b555c76650f52bb0d2810,0xe02181454edbd5c9103b73061e58cd9c,0x09cc6397e8cf09199082fb078552701c,2024-01-01 19:10:00,bitcoin,MATIC,498.92,13.7828,swap,confirmed,2024,1,1
0x84562f4374b74baa0907563bccdf1492,0xcd654cbb5fea850adf5a28ef7a6e2994,0x0c59a96b82dbee2fffaee1b0d9a20eb3,2024-01-01 19:35:00,solana,ETH,89.91,3.144,transfer,confirmed,2024,1,1
0x319a67432f51ed53938542b809320dd2,0x92007d4feb0c68600f6ea3423d65dea0,0x686cf7631f6f1d8ad25705ad825905e4,2024-01-01 20:00:00,ethereum,USDC,13.08,1.2697,transfer,confirmed,2024,1,1
0x254eb3b5df0f07a3c8c134624be3119b,0x923b25d9d294c98405bfd70ac7604701,0xfa64e505896d0dc1271d27d1c8a4a1ab,2024-01-01 20:25:00,polygon,ETH,5.19,2.556,stake,confirmed,2024,1,1
0x8d0eadf72c6ac3576d8abc9a2ff0b6ad,0x5d68f62085335588b67cf713ed6b3cfb,0x7ac4f4727401eb330597c66122cde5ca,2024-01-01 20:50:00,bitcoin,ETH,20.94,12.795,transfer,confirmed,2024,1,1
0xf9209b7866c9f69823201c1732cc8645,0x903a4fb3dc3db3f194ff4d50d5dd1f06,0xef9347782273a2197197539de8ce2670,2024-01-01 21:15:00,bitcoin,ETH,111.41,14.7323,transfer,confirmed,2024,1,1
0x1fa6269f58898f0e809575c9a48747ef,0x603ac5175e0b004e988fa8b1fda8c142,0xa6b993b9b39c975218e2e531e9890839,2024-01-01 21:40:00,polygon,ETH,100.49,12.3851,mint,confirmed,2024,1,1
0xcf9a063bb9be814a77a491171cca236d,0x5a7b32f28b607c1cdca4f6821054a998,0xc831a4737bdb12febec1de3b85963596,2024-01-01 22:05:00,bitcoin,BTC,60.63,2.3929,swap,confirmed,2024,1,1
0xd2e3e0c2ec10101c41b7f0a11ce93c57,0xa45c60cc393deac09b742f8bb58e275f,0x504671942e41c4c4a8d45f9f4e673bec,2024-01-01 22:30:00,bitcoin,MATIC,22.9,3.9677,swap,confirmed,2024,1,1
0x60b2149f6bafd1cc9d505496f09160ba,0x0bbf349b0c07a1777892a8d13937571e,0x83a9bdc7ceb101cc3b574cdf1db4113d,2024-01-01 22:55:00,ethereum,BTC,59.13,16.5734,transfer,confirmed,2024,1,1
0x4f53d60aee2ffa2af10e3463da26b784,0x75626fed9acb19545a0e2c0a6d5b19d7,0x903ffe1f5b1b03684bbe81cdff06e24d,2024-01-01 23:20:00,ethereum,ETH,662.17,2.4961,transfer,confirmed,2024,1,1
0xda60b579faebe684e2a2bf90d4e50c82,0x0699ddd40db0b8a986ecf120f5b872e5,0x98c8e5838ebab85802aa740425c1143d,2024-01-01 23:45:00,polygon,ETH,9.97,3.4289,transfer,confirmed,2024,1,1
0xb4631d19343f260022ee73087c6e2eab,0x81a84a94d8313e42753674c2eeaa0186,0x5f6a53241a0081a33fb790ba2041e811,2024-01-02 00:10:00,bitcoin,ETH,96.28,2.0895,transfer,confirmed,2024,1,2
0x64be20f6dd1dd46adf110cf871e3ed35,0x03a2b89f849223644395d2951dadff6c,0x10acc60f090253259fcb73448e545599,2024-01-02 00:35:00,polygon,ETH,2291.9,1.766,transfer,confirmed,2024,1,2
0xcb4b69eb9bd10da82c15dca2f86a1385,0x0d44502f9db3fa0f1c2dd0b523573f8b,0x493dfb5090f60f4c095be6946290bd14,2024-01-02 01:00:00,solana,BTC,272.78,11.7632,burn,confirmed,2024,1,2
0x4d7e0d72898ae7ea3593eb5ebf20c744,0xc16fd6e47644c2451f53235797d05252,0xf98919752bf9bfb31e539a1fe663fd68,2024-01-02 01:25:00,polygon,USDT,36.17,7.4227,swap,confirmed,2024,1,2
0xe00944d55e6432ccf20f9fda2492b6fd,0x9708fa05fcb3e7f4ccc675379da49353,0x8b550a0ca911a53b1c6fc398c7828f40,2024-01-02 01:50:00,ethereum,ETH,337.63,6.4218,swap,confirmed,2024,1,2
0xce653013fadbb2ff27530d3de3790f1b,0xbe2b07d84f10f8b3b3cae84b620cf166,0x3e99ad8ee3fbcbfa3d369d7fb0b0ea89,2024-01-02 02:15:00,ethereum,BTC,20.0,7.1258,transfer,confirmed,2024,1,2
0x6e3adb1ae0e02c934766182313b6775d,0x8f03eb402fb51efd87a8fa821ef71e36,0xdbb63dee74ead9034defd63d91d197e9,2024-01-02 02:40:00,bitcoin,ETH,91.29,10.1457,swap,confirmed,2024,1,2
0xb9b72b29352f3764ea4dec130772bd9d,0x994204a8bf2b1cb2dd875643c0607be7,0xb522147e61ba70e1757adf4988757bca,2024-01-02 03:05:00,ethereum,USDT,2014.39,15.0036,transfer,confirmed,2024,1,2
0x79d37fb2893b428f7ea4ed3b07a84096,0xee8c50f66027b5867b029f14d8cc6566,0xf0277b130fa4966f39fd1986168dc042,2024-01-02 03:30:00,solana,BTC,3976.96,4.456,transfer,confirmed,2024,1,2
0x74c4481c34e417ac39d1de6b4f854c4f,0xc8ce9fddb99dbb5d3a80b207246f74b5,0xe3f75d063f1c0ffeecdc7279a596b33d,2024-01-02 03:55:00,solana,ETH,2.95,3.4121,swap,confirmed,2024,1,2
0x5f5d472067f77b5c88f69f1bcfda1e08,0xe40c701b30b098a3c632425d845f95e3,0xf13932e0a4ec5d0230b59297872828c3,2024-01-02 04:20:00,polygon,BTC,365.09,1.9757,swap,confirmed,2024,1,2
0x8a47481ae534860850adf59f145e6b40,0x446e3045851a8538cd64d8b7e82dbc37,0x9bb2ae6f61c1343a3d1dba3c1d3c2543,2024-01-02 04:45:00,bitcoin,ETH,4434.74,10.653,stake,confirmed,2024,1,2
0x7806689d934e610d660caf5536fea0b2,0x1af70c8771c50d65f8ba3d678e90e1e9,0x367c0d916d8b0783510edcdff8d74e73,2024-01-02 05:10:00,polygon,ETH,30.24,2.9684,mint,confirmed,2024,1,2
0x4271846620d203fd0511c422d483cdbd,0xceb8dce4ae22145e78522275f277435d,0xe60b7244807a33098cb8b5470084a291,2024-01-02 05:35:00,ethereum,ETH,151.11,1.3557,transfer,confirmed,2024,1,2
0x2ea6241cf767c279cf1e80a790df1885,0x8c4b3595f4509c39f6435176354b61b9,0x636108aafd77e91e6653926a7a32234f,2024-01-02 06:00:00,ethereum,USDC,1834.42,3.6145,transfer,confirmed,2024,1,2
0x05b2c0a62ef25ac7c2ea2eb32d3e27bc,0x00ed29a6406651afe71482b5470432f5,0xe4cec665be9f87189bb2bd890e869de4,2024-01-02 06:25:00,bitcoin,ETH,33.61,4.5698,transfer,failed,2024,1,2
0x6d8e4836f22d0a921638c5a785a62896,0x5e9ea435dd2df6ec80402f291d9df643,0x6651559484a21926c6b75bc13df02f63,2024-01-02 06:50:00,polygon,MATIC,222.3,8.7234,transfer,confirmed,2024,1,2
0xa7453a5f026fb6831d68bdc9cb0edcae,0xf0c42ab73bcb8e92099ab3c7d389b57e,0xe38ec8009cd040f93d45485dd587fa5f,2024-01-02 07:15:00,bitcoin,BTC,79.96,10.0041,transfer,confirmed,2024,1,2
0xc49e446a46fa27a6e18ffb6119461c3f,0x05d7c46897b133cde5c4345442737622,0xf0814ba06ab02d84fa42e227b8474223,2024-01-02 07:40:00,ethereum,ETH,1.91,2.4973,transfer,confirmed,2024,1,2
0x9fd5e502c1640f62738c8a908d3eb0f7,0xf330353f8c4cc94205ec099bead3053c,0x8a79ac9d1156e5544b5e1d82e29928d5,2024-01-02 08:05:00,ethereum,USDT,179.87,2.3628,transfer,confirmed,2024,1,2
0x6c7de1f27f7de61a6daddfffbe05c058,0xa9f93a64f168d5eb0de529331648591b,0x51e30bcda7c1b6dd1c64bdba041691d6,2024-01-02 08:30:00,ethereum,USDT,62.29,3.447,swap,confirmed,2024,1,2
0xca5150ff1c65880ded50f92ed067c95e,0x3d62bbb65605350d9cf43fad107b093e,0x0d298daf0cd25f898698d63619bb225c,2024-01-02 08:55:00,ethereum,USDC,576.09,1.7004,stake,confirmed,2024,1,2
0xd82d678e9583c1f5f283ec56fbf1abb7,0xe876db23879ffaa9793f6a102e5063e6,0x50d40c7d65b8cce86464ece30791baf1,2024-01-02 09:20:00,ethereum,ETH,5924.04,4.1052,mint,confirmed,2024,1,2
0xb367e525a7e574817c19ad24b7b35607,0x2b2c3ac6fd5656c66b6349297f7c8f34,0x20b84384554672518ea97074364e8ced,2024-01-02 09:45:00,bitcoin,USDC,353.46,6.4815,transfer,confirmed,2024,1,2
0xf655e8f9339af2b629ebed05b585423a,0x9edb92515fc5ae08c2d8f9bca5c16c4b,0x98904c8432e48475e7f9a1a1a462d9f2,2024-01-02 10:10:00,bitcoin,USDC,43.17,4.6383,transfer,confirmed,2024,1,2
0xa44ba9086b2b83ccf2baf7c678723449,0xccf718bf7d49ae991b33f88452a627ed,0x07444d0dfde49951b5e96bced7d1bd5f,2024-01-02 10:35:00,polygon,BTC,221.47,1.2329,transfer,confirmed,2024,1,2
0x2c2fb9efd4b8a1f837bf47004a49ce45,0x7f11aff8ee3ab2d4561f4f5bb996f538,0xe27cb7f03e26d81b0524bc2712f875bb,2024-01-02 11:00:00,polygon,BTC,134.77,1.7269,transfer,confirmed,2024,1,2
0x01c6fc8bc32f1237be039ceb6b4b4b2d,0x5e50bebfaee0312ad55e13ced21b88e6,0x8d60a2d24ac32109838dba8ccfd474dd,2024-01-02 11:25:00,bitcoin,USDT,696.43,12.5371,stake,confirmed,2024,1,2
0x0d85eb24e2add96ff1a7021f83c1abc9,0xd59cfe083c72a3fad01d607c9e347122,0x9aae4b65adaf348fba0b9782faa2d060,2024-01-02 11:50:00,bitcoin,ETH,5.07,1.9924,transfer,confirmed,2024,1,2
0xa2b15837edac15df90721968986f7f8e,0x117c29a4d1b26107f19570a5d1595ee0,0x59a09da2dea0e23af829a8a7d7eb626c,2024-01-02 12:15:00,polygon,USDC,8.74,8.0912,swap,confirmed,2024,1,2
0x3fefa7bea6f56955b72610cda97bc45b,0x2077a0f8539ebe890a3dc0beb6c7a444,0x315b4b76c41a8d69ed1bfd06dc4fddfd,2024-01-02 12:40:00,solana,USDT,1.51,7.4304,transfer,confirmed,2024,1,2
0x28b805f5645425ce44eaf6bcba79a40c,0x3ebab37e751cc294662d6b3a24d01b40,0x913fe9b025e9c167d408514af9acc93f,2024-01-02 13:05:00,polygon,USDC,303.13,3.4638,swap,confirmed,2024,1,2
0x38f629170ac3ab74b9d6d2cc411c2f3c,0x13731d57d40149e7b6a3a549e4042293,0x523674f0254a14ac1846b3f0c9a6fc9f,2024-01-02 13:30:00,polygon,BTC,86.66,2.0186,mint,confirmed,2024,1,2
0x0a7d7a81e8e3a20e4c34748e98ef45f6,0x0e4552acbe2f5ff5416fea0a7c0fbf7a,0xf334f3d21525d7b20c3c864c54d4ddaf,2024-01-02 13:55:00,solana,USDT,25.02,5.3034,transfer,confirmed,2024,1,2
0xefe34c4e2190e97d1adc625902822b13,0x90706f14ef1087cf9501b926fe97533e,0x598179f6dfd19aa5ce9c09ae9afe46e0,2024-01-02 14:20:00,ethereum,ETH,21.1,2.2058,transfer,confirmed,2024,1,2
0x7beadac50e1ce55dc31343cc1a89ac5c,0x538065c753a7d5868f7d19de1cdff3e3,0x9e74e952664ac31a20baa2f413ea1fdc,2024-01-02 14:45:00,solana,BTC,28.66,3.8937,swap,confirmed,2024,1,2
0x9aa70957fde5ac24d3f5c61776a06053,0x2a3db66301df919cb3d78ca7411be0c6,0x45afcb58b2287566457514fd63547d39,2024-01-02 15:10:00,ethereum,USDT,14.07,4.8785,transfer,pending,2024,1,2
0x3dfa05a594c0e171bc690aa9101496b6,0xa132cbbd6a2c2981165a239e22fba6c7,0x641ca52cceb69aeb7138c404690899b7,2024-01-02 15:35:00,bitcoin,MATIC,47.33,2.5257,transfer,confirmed,2024,1,2
0x3ebd728de6fa78aa8bc932e9abece9c0,0x91d8d21d21d64d8890aae88a01537e24,0x97c459ad151b98091a5257ef6f9b3d8f,2024-01-02 16:00:00,polygon,ETH,33.5,3.7378,transfer,confirmed,2024,1,2
0x375abb16ea7c1f83be31ce4c3495ec41,0xb79fbe59e7c297447e5005b13814cd9f,0x30d8e7d93bdce7785022474a4936c960,2024-01-02 16:25:00,polygon,ETH,1450.91,3.5018,transfer,confirmed,2024,1,2
0x9f03268e82461f179f372e61621f42d9,0x88c0f392517ad8ea55bb7643a67dcbeb,0x4206b581535fe50d934b0ddbcb6f9f9f,2024-01-02 16:50:00,ethereum,ETH,171.85,1.668,transfer,confirmed,2024,1,2
0x872694b2ab50601615cbad2bc50d98d6,0x485ddf8dd90940f69b2f2274af864ad3,0xc6ad3e56b5ba93cd0daff6ebf10ecde8,2024-01-02 17:15:00,polygon,BTC,17.51,3.8479,transfer,confirmed,2024,1,2
0xfc1dc4549df0335d7f506edb5d66af16,0x3d517fe6ebab7b8cfcf98db6259c8a59,0x98b1599c6a7bb8928d8ce5b159248296,2024-01-02 17:40:00,ethereum,USDC,28.0,2.6918,burn,confirmed,2024,1,2
0xabceedf5017915685f379075f00a5ccd,0x24c9e15e52afc47c225b757e7bee1f9d,0x6fb046523caeeee13834a89ce81ea2d1,2024-01-02 18:05:00,bitcoin,ETH,990.17,1.0415,transfer,confirmed,2024,1,2
0xff1d4796fe85a21ba86081db7bf2196b,0x7e58d63b60197ceb55a1c487989a3720,0xc95bb5b8e0b41912f920009f975b6f68,2024-01-02 18:30:00,polygon,BTC,222.48,3.4206,transfer,confirmed,2024,1,2
0x496bd33584d955e3913f1a3e82bb2f2d,0x92877af70a45fd6a2ed7fe81e1236b78,0x1e32f7a456f064374d79531d261aee2d,2024-01-02 18:55:00,bitcoin,USDT,162.45,3.5738,mint,confirmed,2024,1,2
0x2ed0828621535a2a85a8f8e3388080d2,0x3f02ebe3d7929b091e3d8ccfde2f3bc6,0xf82c75248f4aef146d6188f4db622d62,2024-01-02 19:20:00,bitcoin,USDC,380.43,2.7624,mint,confirmed,2024,1,2
0x4cea2358d3cc5f8cd32397ca9bc51b94,0x0a791842f52a0acfbb3a783378c066b8,0x40bdbb086e97593bafaabf5a786a5eab,2024-01-02 19:45:00,polygon,ETH,2147.86,0.8613,swap,confirmed,2024,1,2
0xf52c3cbf371351206c419e50ce29c802,0xaffec3b64cf90492377a8114c86fc093,0x09cc6397e8cf09199082fb078552701c,2024-01-02 20:10:00,polygon,ETH,7.89,8.3383,stake,confirmed,2024,1,2
0x4cdcf18ba72a7b28dc405b992f8cddcd,0x3e0469fb134991f8f75a2760e409c6ed,0x0c59a96b82dbee2fffaee1b0d9a20eb3,2024-01-02 20:35:00,polygon,USDT,20.26,7.7435,transfer,confirmed,2024,1,2
0xc22ad2b09a726d564cd5666c93e080ac,0x7668f673d5669995175ef91b5d171945,0x686cf7631f6f1d8ad25705ad825905e4,2024-01-02 21:00:00,ethereum,BTC,2.77,7.5413,transfer,confirmed,2024,1,2
0x3c09bb10e2189124fdd8f467cc8b55a7,0x8808a13b854c2563da1a5f6cb2130868,0xfa64e505896d0dc1271d27d1c8a4a1ab,2024-01-02 21:25:00,bitcoin,ETH,242.2,5.8117,mint,confirmed,2024,1,2
0x48cb136b65a69e8c2aa22913a0d91b2f,0x990d67a9f94696b1abe2dccf06900322,0x7ac4f4727401eb330597c66122cde5ca,2024-01-02 21:50:00,bitcoin,USDC,42.2,1.6397,stake,confirmed,2024,1,2
0x81d7118d88d5570189ace943bd14f142,0x03aa1a0b0375b0461c1b8f35b234e67a,0xef9347782273a2197197539de8ce2670,2024-01-02 22:15:00,ethereum,USDT,23.48,4.9447,transfer,confirmed,2024,1,2
0x3187b1703c3b9b19bb63c027d8efc2f1,0xd781eaae8248db6ce1a7b82e58e60435,0xa6b993b9b39c975218e2e531e9890839,2024-01-02 22:40:00,bitcoin,ETH,19.6,2.1338,swap,confirmed,2024,1,2
0x098930a1f6c40597f933a2d617f798ba,0xd09979d794a6ee60d836f884739f7196,0xc831a4737bdb12febec1de3b85963596,2024-01-02 23:05:00,polygon,USDT,358.78,25.7907,transfer,confirmed,2024,1,2
0xb4189d9de0fb2b9cce090bd1a15e3420,0xef06d5cbf35386ff2203d186eeff7923,0x504671942e41c4c4a8d45f9f4e673bec,2024-01-02 23:30:00,polygon,USDC,67.75,2.955,transfer,confirmed,2024,1,2
0xf9a325eeb537335085a48ee8ac9a4b0e,0x726dedc0d6788b05f486730edcc0e871,0x83a9bdc7ceb101cc3b574cdf1db4113d,2024-01-02 23:55:00,solana,MATIC,31.15,7.6451,mint,confirmed,2024,1,2
0x6ce1861d265248f9c9dd2ed2f88dbdf9,0x8a62f0beaa5ae938956f5ea290321336,0x903ffe1f5b1b03684bbe81cdff06e24d,2024-01-03 00:20:00,ethereum,ETH,1108.45,1.2943,mint,confirmed,2024,1,3
0x21d58309d158bcb0e3e70a3827221e7c,0x2b4233ebec7a45e1fb8ddd1aab794f7b,0x98c8e5838ebab85802aa740425c1143d,2024-01-03 00:45:00,ethereum,USDC,11.11,1.7442,transfer,confirmed,2024,1,3
0x661c1c090ff5831a647202397c61d73c,0x7ac18a1893e1d2bd5b46958ce1d2a8d0,0x5f6a53241a0081a33fb790ba2041e811,2024-01-03 01:10:00,polygon,ETH,7.18,2.9178,transfer,failed,2024,1,3
0xd921c3c762b1522c475ac8fc0811bb0f,0x2baab43f784b5b530b5347a50490bb0a,0x10acc60f090253259fcb73448e545599,2024-01-03 01:35:00,ethereum,USDT,16143.79,7.8618,stake,confirmed,2024,1,3
0xeebe038e47780c96e2762b5e2003cef7,0x10880c7f4e4209eeda79711e1ea1723e,0x493dfb5090f60f4c095be6946290bd14,2024-01-03 02:00:00,ethereum,USDT,43.14,6.9456,swap,confirmed,2024,1,3
0x94fee470b43270a912c27d56c27b3211,0x2e129db15b6d6db5342ba5d328642262,0xf98919752bf9bfb31e539a1fe663fd68,2024-01-03 02:25:00,bitcoin,MATIC,30.36,5.6436,swap,pending,2024,1,3
0x9fdef890a0a6f2496628626367d39280,0x87dc1e131a1369fdf8f1c824a6a62dff,0x8b550a0ca911a53b1c6fc398c7828f40,2024-01-03 02:50:00,ethereum,USDT,21.01,1.0169,transfer,confirmed,2024,1,3
0xf1f485b532be392dd7964f94dbd0562a,0x00a65dd47e842bcc3d82a296301071fb,0x3e99ad8ee3fbcbfa3d369d7fb0b0ea89,2024-01-03 03:15:00,polygon,ETH,68.46,11.0797,transfer,confirmed,2024,1,3
0x83a368f54768f506b833130584455df4,0x5e6c9b24829588e0ac8f7d8074a4bfd4,0xdbb63dee74ead9034defd63d91d197e9,2024-01-03 03:40:00,solana,USDT,430.73,2.1363,transfer,confirmed,2024,1,3
0xf7f84297f903c4ae67e9b17ebb49c5a3,0x0f8f84c18bfd5244ed976f63924a8a0e,0xb522147e61ba70e1757adf4988757bca,2024-01-03 04:05:00,ethereum,ETH,406.23,16.3189,transfer,confirmed,2024,1,3
0xdc1322dd294effcdac9942803027b362,0xa507ac920f797876259f3c91f5cdef99,0xf0277b130fa4966f39fd1986168dc042,2024-01-03 04:30:00,bitcoin,USDC,267.23,19.9442,transfer,confirmed,2024,1,3
0xb0ced0814fa6619b258c1dc71bc965c9,0x078d079e6146dec4dbf2135a8e513e2e,0xe3f75d063f1c0ffeecdc7279a596b33d,2024-01-03 04:55:00,polygon,ETH,51.56,8.6793,swap,confirmed,2024,1,3
0x35ec253885cf090f80881b44180afb00,0xb6f7fac0074f6508e5a4540ad89b55c0,0xf13932e0a4ec5d0230b59297872828c3,2024-01-03 05:20:00,solana,BTC,4.57,9.8822,swap,confirmed,2024,1,3
0xd5756748da7d4fc61bb0b1bcba6e6d4d,0x244fd63d0adbf673130fce2f222078a5,0x9bb2ae6f61c1343a3d1dba3c1d3c2543,2024-01-03 05:45:00,ethereum,USDT,158.52,1.6339,swap,confirmed,2024,1,3
0x6ef07f927172f6d48f2e72d606a03713,0x40b13b85e6e4fc9c4a6f24379db20a39,0x367c0d916d8b0783510edcdff8d74e73,2024-01-03 06:10:00,ethereum,ETH,1877.31,35.3331,transfer,confirmed,2024,1,3
0x5c9452254bccd24b8ad0bb1ab4408ad1,0x0c673c53a29acb19c7e55b292d259e4d,0xe60b7244807a33098cb8b5470084a291,2024-01-03 06:35:00,solana,USDT,763.99,5.335,transfer,confirmed,2024,1,3
0x21186d7b1482412ab14f0332b8aee119,0xd21dbd2c4e178b2cb55dce0c6a43effc,0x636108aafd77e91e6653926a7a32234f,2024-01-03 07:00:00,solana,USDT,64.3,9.9725,burn,confirmed,2024,1,3
0x5eb2a86c4e7f9ba6dfe6f786e90c26d7,0xc6f273ac241a04216e0a703c18c36532,0xe4cec665be9f87189bb2bd890e869de4,2024-01-03 07:25:00,ethereum,USDT,448.13,2.2557,stake,confirmed,2024,1,3
0x9f0609b9d45dd55bed75f892cf095fcf,0x9ece8c4020f8aed10676cd1c56a41889,0x6651559484a21926c6b75bc13df02f63,2024-01-03 07:50:00,bitcoin,USDC,41.64,4.2546,burn,confirmed,2024,1,3
0xbf65417dcecc7f2b0006e1f5793b7143,0x8cd5a487792e95045574fe205e4efdf9,0xe38ec8009cd040f93d45485dd587fa5f,2024-01-03 08:15:00,polygon,BTC,80.62,1.7341,transfer,confirmed,2024,1,3
0x28891cb4ab421830acc36b1f5fd6c91e,0x41a2abe109f243e12e72133cf46ea5db,0xf0814ba06ab02d84fa42e227b8474223,2024-01-03 08:40:00,polygon,ETH,7.62,3.6992,swap,confirmed,2024,1,3
0xee3dd1c2669f11eabe41d99571167c74,0x657bc81a9e2fba4293ed712d02a82191,0x8a79ac9d1156e5544b5e1d82e29928d5,2024-01-03 09:05:00,ethereum,ETH,47.9,4.5375,mint,confirmed,2024,1,3
0x3850b1a23fec9e1b958601a27109d0d5,0xe6f3956464556eb0f7e310ccfaebe1d1,0x51e30bcda7c1b6dd1c64bdba041691d6,2024-01-03 09:30:00,polygon,BTC,119.24,5.4995,transfer,confirmed,2024,1,3
0x11f9e78e4899a78dedd439fc583b6693,0x89a0afa8bca03ba74e75fe1e36d1a431,0x0d298daf0cd25f898698d63619bb225c,2024-01-03 09:55:00,polygon,ETH,64.19,13.6902,transfer,confirmed,2024,1,3
0xe36e62f84744ea6916927027c9d651ad,0x3695b09d29f3d88d21ad2bbfc230edae,0x50d40c7d65b8cce86464ece30791baf1,2024-01-03 10:20:00,bitcoin,USDT,419.86,6.5842,burn,confirmed,2024,1,3
0x3677481dc67fc92d2347a706e9a64285,0xbb534b6741a863fd098b8ea0a709d680,0x20b84384554672518ea97074364e8ced,2024-01-03 10:45:00,ethereum,ETH,3894.61,5.4466,swap,confirmed,2024,1,3
0x7c21c080c204c2ec7523ae6fc12033a6,0xfd8689cb80113b68be586d8b5a6aa06a,0x98904c8432e48475e7f9a1a1a462d9f2,2024-01-03 11:10:00,ethereum,ETH,1265.57,4.622,swap,confirmed,2024,1,3
0xd1d7015fbf729403d7329560afecff1d,0xf0b3b7623d3bedf898459673d778319e,0x07444d0dfde49951b5e96bced7d1bd5f,2024-01-03 11:35:00,ethereum,MATIC,48.92,22.3834,transfer,confirmed,2024,1,3
0xd4bad256c73a6b25b86cc9c1a77255b1,0x93b1ad3cfaeb254ea3c68ee7ea23c582,0xe27cb7f03e26d81b0524bc2712f875bb,2024-01-03 12:00:00,polygon,USDC,20.86,2.82,transfer,confirmed,2024,1,3
0xebef22399dd37c14fcbe768327022889,0xff0aa5febff01840387a57bf41db361d,0x8d60a2d24ac32109838dba8ccfd474dd,2024-01-03 12:25:00,ethereum,ETH,24.4,11.5949,swap,confirmed,2024,1,3
0xea33b4fd0fc1ea0a40344be8a8641123,0xe02181454edbd5c9103b73061e58cd9c,0x9aae4b65adaf348fba0b9782faa2d060,2024-01-03 12:50:00,ethereum,BTC,12.74,0.9333,swap,confirmed,2024,1,3
0x16475e51b4ac5c7c9d726d9efb3642f2,0xcd654cbb5fea850adf5a28ef7a6e2994,0x59a09da2dea0e23af829a8a7d7eb626c,2024-01-03 13:15:00,bitcoin,USDC,96.35,2.2206,transfer,confirmed,2024,1,3
0xaad5adc307c4dd7e457509423a7f3734,0x92007d4feb0c68600f6ea3423d65dea0,0x315b4b76c41a8d69ed1bfd06dc4fddfd,2024-01-03 13:40:00,ethereum,USDT,208.98,6.2239,transfer,confirmed,2024,1,3
0xc292b3e9629fee6bbb741eb109321cf8,0x923b25d9d294c98405bfd70ac7604701,0x913fe9b025e9c167d408514af9acc93f,2024-01-03 14:05:00,ethereum,ETH,129.81,3.9399,transfer,confirmed,2024,1,3
0x30dd22174d06b0cd2e50c352a8a8a49e,0x5d68f62085335588b67cf713ed6b3cfb,0x523674f0254a14ac1846b3f0c9a6fc9f,2024-01-03 14:30:00,ethereum,BTC,132.6,49.6932,swap,confirmed,2024,1,3
0xb1b14f09e876174212e19b14fa8fed64,0x903a4fb3dc3db3f194ff4d50d5dd1f06,0xf334f3d21525d7b20c3c864c54d4ddaf,2024-01-03 14:55:00,bitcoin,USDC,123.52,35.2888,transfer,confirmed,2024,1,3
0xdb27a2459bbd1a02bc74db649d9759bd,0x603ac5175e0b004e988fa8b1fda8c142,0x598179f6dfd19aa5ce9c09ae9afe46e0,2024-01-03 15:20:00,polygon,ETH,69.12,1.3293,swap,confirmed,2024,1,3
0x76908ab39c07d85c0b3693ce5d700771,0x5a7b32f28b607c1cdca4f6821054a998,0x9e74e952664ac31a20baa2f413ea1fdc,2024-01-03 15:45:00,bitcoin,MATIC,20.39,1.9028,transfer,confirmed,2024,1,3
0x1c330c47cabfad26af32d6249919ecb8,0xa45c60cc393deac09b742f8bb58e275f,0x45afcb58b2287566457514fd63547d39,2024-01-03 16:10:00,ethereum,USDT,2833.57,4.0003,swap,confirmed,2024,1,3
0xc3c617a9b80b3ae1ebd868b0017cc349,0x0bbf349b0c07a1777892a8d13937571e,0x641ca52cceb69aeb7138c404690899b7,2024-01-03 16:35:00,ethereum,ETH,731.48,18.033,transfer,confirmed,2024,1,3
0x16fa2b0294e410b2551c3bf6965c0853,0x75626fed9acb19545a0e2c0a6d5b19d7,0x97c459ad151b98091a5257ef6f9b3d8f,2024-01-03 17:00:00,bitcoin,USDC,14.64,11.1275,burn,confirmed,2024,1,3
0xd6428eecbe0f7dff83fc607c5044b2b9,0x0699ddd40db0b8a986ecf120f5b872e5,0x30d8e7d93bdce7785022474a4936c960,2024-01-03 17:25:00,solana,ETH,14.72,5.8235,transfer,confirmed,2024,1,3
0x316282ddb77e11b0b58c60ed59b1e308,0x81a84a94d8313e42753674c2eeaa0186,0x4206b581535fe50d934b0ddbcb6f9f9f,2024-01-03 17:50:00,solana,BTC,27.87,1.4456,transfer,confirmed,2024,1,3
0xd04eb5de4d99080be674f159197a514a,0x03a2b89f849223644395d2951dadff6c,0xc6ad3e56b5ba93cd0daff6ebf10ecde8,2024-01-03 18:15:00,ethereum,USDT,96.16,2.2811,mint,pending,2024,1,3
0x7867d6557b82ed3b5d61e6591a2a2fd3,0x0d44502f9db3fa0f1c2dd0b523573f8b,0x98b1599c6a7bb8928d8ce5b159248296,2024-01-03 18:40:00,ethereum,ETH,1116.65,0.5237,transfer,confirmed,2024,1,3
0x97737a7937a18cf131d9e21eda811113,0xc16fd6e47644c2451f53235797d05252,0x6fb046523caeeee13834a89ce81ea2d1,2024-01-03 19:05:00,polygon,USDC,685.19,1.3128,transfer,confirmed,2024,1,3
0x2191b602b73b93ec19da67d1b7e349c6,0x9708fa05fcb3e7f4ccc675379da49353,0xc95bb5b8e0b41912f920009f975b6f68,2024-01-03 19:30:00,solana,USDT,761.66,6.3153,transfer,confirmed,2024,1,3
0x3d3103fc27ffaea9fcbaebd91c8fff07,0xbe2b07d84f10f8b3b3cae84b620cf166,0x1e32f7a456f064374d79531d261aee2d,2024-01-03 19:55:00,bitcoin,ETH,792.88,8.446,transfer,confirmed,2024,1,3
0x92350dee085a781753d9301fea11d51c,0x8f03eb402fb51efd87a8fa821ef71e36,0xf82c75248f4aef146d6188f4db622d62,2024-01-03 20:20:00,polygon,ETH,822.88,1.5832,transfer,confirmed,2024,1,3
0xa6640ad0aca7033809ffa7165c3040f9,0x994204a8bf2b1cb2dd875643c0607be7,0x40bdbb086e97593bafaabf5a786a5eab,2024-01-03 20:45:00,solana,ETH,392.83,4.9003,transfer,confirmed,2024,1,3
0xc0167d1ca6ea4be5f7907b98a20fc225,0xee8c50f66027b5867b029f14d8cc6566,0x09cc6397e8cf09199082fb078552701c,2024-01-03 21:10:00,polygon,USDT,223.41,16.513,swap,confirmed,2024,1,3
0xb977b532403e14d6681a00f78f95506e,0xc8ce9fddb99dbb5d3a80b207246f74b5,0x0c59a96b82dbee2fffaee1b0d9a20eb3,2024-01-03 21:35:00,solana,ETH,70.94,5.1243,transfer,confirmed,2024,1,3
0xaf086cdab7954f11a518e3af68dc2fce,0xe40c701b30b098a3c632425d845f95e3,0x686cf7631f6f1d8ad25705ad825905e4,2024-01-03 22:00:00,ethereum,USDT,2.75,3.5199,transfer,confirmed,2024,1,3
0x39016cfe079db1bfb359ca72fcba3fd8,0x446e3045851a8538cd64d8b7e82dbc37,0xfa64e505896d0dc1271d27d1c8a4a1ab,2024-01-03 22:25:00,ethereum,USDC,69.52,7.339,transfer,confirmed,2024,1,3
0xf5bf2f80e0924a366859e958c6507ea9,0x1af70c8771c50d65f8ba3d678e90e1e9,0x7ac4f4727401eb330597c66122cde5ca,2024-01-03 22:50:00,ethereum,USDC,3307.53,6.8617,swap,confirmed,2024,1,3
0x9dc603ead062664055f36b11fe0cad61,0xceb8dce4ae22145e78522275f277435d,0xef9347782273a2197197539de8ce2670,2024-01-03 23:15:00,ethereum,ETH,30.57,4.7993,swap,pending,2024,1,3
0xe05e2327a8ceada096724afc802bbf7e,0x8c4b3595f4509c39f6435176354b61b9,0xa6b993b9b39c975218e2e531e9890839,2024-01-03 23:40:00,solana,BTC,25.75,2.932,burn,confirmed,2024,1,3
0x2e09926f3de94fa8c07ac5a8f3edc5cd,0x00ed29a6406651afe71482b5470432f5,0xc831a4737bdb12febec1de3b85963596,2024-01-04 00:05:00,ethereum,BTC,688.72,3.2045,swap,confirmed,2024,1,4
0x3acb2a202ae4bea8840224e6fce16fd0,0x5e9ea435dd2df6ec80402f291d9df643,0x504671942e41c4c4a8d45f9f4e673bec,2024-01-04 00:30:00,polygon,BTC,105.77,4.8373,transfer,confirmed,2024,1,4
0xd563cb0699fbe7bc92d64815915918cd,0xf0c42ab73bcb8e92099ab3c7d389b57e,0x83a9bdc7ceb101cc3b574cdf1db4113d,2024-01-04 00:55:00,ethereum,BTC,34.46,2.8999,transfer,confirmed,2024,1,4
0x492284833481ed2fd377c50abdedf9f1,0x05d7c46897b133cde5c4345442737622,0x903ffe1f5b1b03684bbe81cdff06e24d,2024-01-04 01:20:00,bitcoin,BTC,2029.06,13.0741,mint,confirmed,2024,1,4
0x04f19115dfa286fb61ab634a2717ed37,0xf330353f8c4cc94205ec099bead3053c,0x98c8e5838ebab85802aa740425c1143d,2024-01-04 01:45:00,bitcoin,USDC,313.66,9.1938,swap,confirmed,2024,1,4
0xebc03fa648c2cd7da9d63b9ed835664e,0xa9f93a64f168d5eb0de529331648591b,0x5f6a53241a0081a33fb790ba2041e811,2024-01-04 02:10:00,ethereum,BTC,409.59,10.7435,transfer,failed,2024,1,4
0xf4666b1c34893ee557dccbfe3382e965,0x3d62bbb65605350d9cf43fad107b093e,0x10acc60f090253259fcb73448e545599,2024-01-04 02:35:00,bitcoin,BTC,29.1,22.7904,transfer,confirmed,2024,1,4
0x398410ece9d7343091093a2a7f8ee381,0xe876db23879ffaa9793f6a102e5063e6,0x493dfb5090f60f4c095be6946290bd14,2024-01-04 03:00:00,bitcoin,BTC,243.25,15.9189,transfer,confirmed,2024,1,4
0x4d215ab7508a3e089af43fb605dd27d1,0x2b2c3ac6fd5656c66b6349297f7c8f34,0xf98919752bf9bfb31e539a1fe663fd68,2024-01-04 03:25:00,ethereum,ETH,191.14,13.9952,transfer,confirmed,2024,1,4
0x3d57fe6de705fec3cecae336ae23a03a,0x9edb92515fc5ae08c2d8f9bca5c16c4b,0x8b550a0ca911a53b1c6fc398c7828f40,2024-01-04 03:50:00,polygon,USDT,425.88,6.055,transfer,confirmed,2024,1,4
0x6f0ca67289d79eb35d19decbc0a08453,0xccf718bf7d49ae991b33f88452a627ed,0x3e99ad8ee3fbcbfa3d369d7fb0b0ea89,2024-01-04 04:15:00,ethereum,BTC,896.36,3.8559,transfer,confirmed,2024,1,4
0x642eaa3479d2eb1130f6e0564f00f751,0x7f11aff8ee3ab2d4561f4f5bb996f538,0xdbb63dee74ead9034defd63d91d197e9,2024-01-04 04:40:00,ethereum,MATIC,855.89,28.3483,transfer,confirmed,2024,1,4
0x51681a7c14879f9eca39669df858f75b,0x5e50bebfaee0312ad55e13ced21b88e6,0xb522147e61ba70e1757adf4988757bca,2024-01-04 05:05:00,bitcoin,USDC,126.59,2.6241,mint,confirmed,2024,1,4
0xd0379e4d73faa565d3e7f22b307c80f7,0xd59cfe083c72a3fad01d607c9e347122,0xf0277b130fa4966f39fd1986168dc042,2024-01-04 05:30:00,bitcoin,ETH,357.45,2.7402,transfer,confirmed,2024,1,4
0xa10463df69e52e78372b724471434ec9,0x117c29a4d1b26107f19570a5d1595ee0,0xe3f75d063f1c0ffeecdc7279a596b33d,2024-01-04 05:55:00,ethereum,ETH,9.11,2.2435,mint,confirmed,2024,1,4
0xb704ea2c39778f07c617f6b7ce480e9e,0x2077a0f8539ebe890a3dc0beb6c7a444,0xf13932e0a4ec5d0230b59297872828c3,2024-01-04 06:20:00,solana,USDC,326.11,5.3436,mint,confirmed,2024,1,4
0x45f6a4a57549a5720dfdcdf643c78b83,0x3ebab37e751cc294662d6b3a24d01b40,0x9bb2ae6f61c1343a3d1dba3c1d3c2543,2024-01-04 06:45:00,polygon,USDT,353.76,6.2848,transfer,confirmed,2024,1,4
0x4ef30115b941a1bcd71ffebb50c69ece,0x13731d57d40149e7b6a3a549e4042293,0x367c0d916d8b0783510edcdff8d74e73,2024-01-04 07:10:00,ethereum,ETH,41.36,10.2501,burn,confirmed,2024,1,4
0xdfc7defac6624a80f02b02e22b14e8fd,0x0e4552acbe2f5ff5416fea0a7c0fbf7a,0xe60b7244807a33098cb8b5470084a291,2024-01-04 07:35:00,bitcoin,USDT,19.15,3.7561,transfer,confirmed,2024,1,4
0x0ae775a8cb3b499ad1fca944e6f5c836,0x90706f14ef1087cf9501b926fe97533e,0x636108aafd77e91e6653926a7a32234f,2024-01-04 08:00:00,ethereum,BTC,80.04,1.123,transfer,confirmed,2024,1,4
0x26178fc759d2b89c45dd31962f81dc61,0x538065c753a7d5868f7d19de1cdff3e3,0xe4cec665be9f87189bb2bd890e869de4,2024-01-04 08:25:00,bitcoin,USDC,7.95,5.8015,transfer,confirmed,2024,1,4
0xe2c9cd9303b5c85296b84213935f37fd,0x2a3db66301df919cb3d78ca7411be0c6,0x6651559484a21926c6b75bc13df02f63,2024-01-04 08:50:00,ethereum,USDT,178.0,9.8008,transfer,confirmed,2024,1,4
0x25824988925b5fd75ef84e8202957b74,0xa132cbbd6a2c2981165a239e22fba6c7,0xe38ec8009cd040f93d45485dd587fa5f,2024-01-04 09:15:00,bitcoin,MATIC,162.29,4.6122,transfer,confirmed,2024,1,4
0xc8877cff22082a16395a57e97232bb6f,0x91d8d21d21d64d8890aae88a01537e24,0xf0814ba06ab02d84fa42e227b8474223,2024-01-04 09:40:00,solana,USDT,13.5,4.041,mint,confirmed,2024,1,4
0xa2790947391a51d18dc235eea344d981,0xb79fbe59e7c297447e5005b13814cd9f,0x8a79ac9d1156e5544b5e1d82e29928d5,2024-01-04 10:05:00,bitcoin,MATIC,99.0,7.0518,mint,confirmed,2024,1,4
0x8ca696ca160520b1cf5a569b4be525e8,0x88c0f392517ad8ea55bb7643a67dcbeb,0x51e30bcda7c1b6dd1c64bdba041691d6,2024-01-04 10:30:00,polygon,ETH,761.6,14.1452,transfer,confirmed,2024,1,4
0x624567140fecc40163fed3c45a959a7c,0x485ddf8dd90940f69b2f2274af864ad3,0x0d298daf0cd25f898698d63619bb225c,2024-01-04 10:55:00,bitcoin,BTC,753.87,4.2646,transfer,confirmed,2024,1,4
0x4150d6a4725ff1484640c9d2e458a429,0x3d517fe6ebab7b8cfcf98db6259c8a59,0x50d40c7d65b8cce86464ece30791baf1,2024-01-04 11:20:00,polygon,ETH,679.31,1.4435,stake,confirmed,2024,1,4
0xebf99bb5df6533b6dd9180a59034698d,0x24c9e15e52afc47c225b757e7bee1f9d,0x20b84384554672518ea97074364e8ced,2024-01-04 11:45:00,ethereum,USDC,66.64,2.8623,transfer,confirmed,2024,1,4
0x89daa89c41ffb71f97a15ad3ae830a06,0x7e58d63b60197ceb55a1c487989a3720,0x98904c8432e48475e7f9a1a1a462d9f2,2024-01-04 12:10:00,polygon,ETH,45.77,3.9371,transfer,confirmed,2024,1,4
0xd97d404b6119214e4a7018391195240a,0x92877af70a45fd6a2ed7fe81e1236b78,0x07444d0dfde49951b5e96bced7d1bd5f,2024-01-04 12:35:00,solana,USDT,41.19,1.0642,swap,confirmed,2024,1,4
0xb0bb808a5994aefa4f47d7ec6e58c984,0x3f02ebe3d7929b091e3d8ccfde2f3bc6,0xe27cb7f03e26d81b0524bc2712f875bb,2024-01-04 13:00:00,polygon,USDT,294.52,8.3173,swap,confirmed,2024,1,4
0xd10f24cc96c40a85ed11ce68142e80df,0x0a791842f52a0acfbb3a783378c066b8,0x8d60a2d24ac32109838dba8ccfd474dd,2024-01-04 13:25:00,ethereum,USDC,9934.16,2.4318,transfer,confirmed,2024,1,4
0x5118af07364440598cd7a922ccf4a955,0xaffec3b64cf90492377a8114c86fc093,0x9aae4b65adaf348fba0b9782faa2d060,2024-01-04 13:50:00,polygon,BTC,1495.19,6.7453,transfer,confirmed,2024,1,4
0xd26b10ca0de48de1619fcefc39d00d64,0x3e0469fb134991f8f75a2760e409c6ed,0x59a09da2dea0e23af829a8a7d7eb626c,2024-01-04 14:15:00,polygon,ETH,2146.4,5.2488,transfer,confirmed,2024,1,4
0xfc3dee15d074d783730c00430d839765,0x7668f673d5669995175ef91b5d171945,0x315b4b76c41a8d69ed1bfd06dc4fddfd,2024-01-04 14:40:00,polygon,BTC,1339.17,3.5017,mint,confirmed,2024,1,4
0x51594de14eeb96bc7fe59cf5cad96706,0x8808a13b854c2563da1a5f6cb2130868,0x913fe9b025e9c167d408514af9acc93f,2024-01-04 15:05:00,ethereum,ETH,3.58,16.5174,swap,confirmed,2024,1,4
0x1457c0d6bfcb4967418bfb8ac142f64a,0x990d67a9f94696b1abe2dccf06900322,0x523674f0254a14ac1846b3f0c9a6fc9f,2024-01-04 15:30:00,solana,BTC,60.25,2.8652,mint,confirmed,2024,1,4
0xbd6226970e9ffbc8305184d53e5dcd99,0x03aa1a0b0375b0461c1b8f35b234e67a,0xf334f3d21525d7b20c3c864c54d4ddaf,2024-01-04 15:55:00,solana,USDT,37.89,2.6212,transfer,confirmed,2024,1,4
0x8386fa112ba70c3f60b6907d3812bb9e,0xd781eaae8248db6ce1a7b82e58e60435,0x598179f6dfd19aa5ce9c09ae9afe46e0,2024-01-04 16:20:00,bitcoin,ETH,1095.71,5.6737,transfer,failed,2024,1,4
0x4c56392b1bd5e94efe423ed048c7b91a,0xd09979d794a6ee60d836f884739f7196,0x9e74e952664ac31a20baa2f413ea1fdc,2024-01-04 16:45:00,bitcoin,MATIC,2635.35,8.7837,burn,confirmed,2024,1,4
0xa18aa23ee676d7f5ffb34cf16df3e08c,0xef06d5cbf35386ff2203d186eeff7923,0x45afcb58b2287566457514fd63547d39,2024-01-04 17:10:00,ethereum,USDT,23.86,4.4802,transfer,confirmed,2024,1,4
0x5a44a53b7d26bb1e54c05222f186dcfb,0x726dedc0d6788b05f486730edcc0e871,0x641ca52cceb69aeb7138c404690899b7,2024-01-04 17:35:00,solana,BTC,97.25,2.0449,transfer,confirmed,2024,1,4
0xa5909bff60540745d3da1ccda2f99bff,0x8a62f0beaa5ae938956f5ea290321336,0x97c459ad151b98091a5257ef6f9b3d8f,2024-01-04 18:00:00,polygon,USDC,274.34,7.8003,transfer,confirmed,2024,1,4
0xf4db8537e9d75da46c4efc36a2d70956,0x2b4233ebec7a45e1fb8ddd1aab794f7b,0x30d8e7d93bdce7785022474a4936c960,2024-01-04 18:25:00,polygon,ETH,33.89,7.2723,transfer,confirmed,2024,1,4
0xe2a89271adb634edc3e692846f9e0675,0x7ac18a1893e1d2bd5b46958ce1d2a8d0,0x4206b581535fe50d934b0ddbcb6f9f9f,2024-01-04 18:50:00,polygon,BTC,25.61,23.5901,swap,confirmed,2024,1,4
0x71ddb91e8fa0541e426a54e538075a5a,0x2baab43f784b5b530b5347a50490bb0a,0xc6ad3e56b5ba93cd0daff6ebf10ecde8,2024-01-04 19:15:00,ethereum,MATIC,23.22,3.7596,stake,confirmed,2024,1,4
0xe4d09d3f57c2c971c8b2bf8efb416a0a,0x10880c7f4e4209eeda79711e1ea1723e,0x98b1599c6a7bb8928d8ce5b159248296,2024-01-04 19:40:00,ethereum,ETH,528.36,5.3203,swap,confirmed,2024,1,4
0xbc45ee46080d94757d84677cd9fb7395,0x2e129db15b6d6db5342ba5d328642262,0x6fb046523caeeee13834a89ce81ea2d1,2024-01-04 20:05:00,ethereum,USDT,14.61,2.8494,transfer,confirmed,2024,1,4
0x497d0b20f66cebdedc7935e3ffd46efa,0x87dc1e131a1369fdf8f1c824a6a62dff,0xc95bb5b8e0b41912f920009f975b6f68,2024-01-04 20:30:00,bitcoin,ETH,871.87,1.3639,burn,confirmed,2024,1,4
0xe71ad22eed10d8f6f8242f67695b215f,0x00a65dd47e842bcc3d82a296301071fb,0x1e32f7a456f064374d79531d261aee2d,2024-01-04 20:55:00,ethereum,USDT,107.09,4.762,transfer,confirmed,2024,1,4
0x671f0311e2754fcdd37f70a8550379bc,0x5e6c9b24829588e0ac8f7d8074a4bfd4,0xf82c75248f4aef146d6188f4db622d62,2024-01-04 21:20:00,solana,USDT,404.78,8.8555,transfer,failed,2024,1,4
0xb8a6550662b363eb34145965d64d0cfb,0x0f8f84c18bfd5244ed976f63924a8a0e,0x40bdbb086e97593bafaabf5a786a5eab,2024-01-04 21:45:00,bitcoin,ETH,1978.46,1.9936,transfer,confirmed,2024,1,4
0x1d7c2aae840867027b7edd17b6aaa0e9,0xa507ac920f797876259f3c91f5cdef99,0x09cc6397e8cf09199082fb078552701c,2024-01-04 22:10:00,bitcoin,BTC,23.62,2.6132,burn,confirmed,2024,1,4
0x5cb0e249689cd6d8369c4885435a56c2,0x078d079e6146dec4dbf2135a8e513e2e,0x0c59a96b82dbee2fffaee1b0d9a20eb3,2024-01-04 22:35:00,ethereum,USDT,17.58,1.7508,transfer,confirmed,2024,1,4
0x1b38735595369838f208dd2b25315195,0xb6f7fac0074f6508e5a4540ad89b55c0,0x686cf7631f6f1d8ad25705ad825905e4,2024-01-04 23:00:00,polygon,USDT,211.34,13.1074,mint,confirmed,2024,1,4
0x471684d6c43cfc529b30d600113dae63,0x244fd63d0adbf673130fce2f222078a5,0xfa64e505896d0dc1271d27d1c8a4a1ab,2024-01-04 23:25:00,polygon,ETH,11.44,2.7019,swap,confirmed,2024,1,4
0xc879ec4dfeaa4d0f14f8f395a09941c2,0x40b13b85e6e4fc9c4a6f24379db20a39,0x7ac4f4727401eb330597c66122cde5ca,2024-01-04 23:50:00,polygon,BTC,20.9,7.1292,transfer,confirmed,2024,1,4
0xbc2ba6bff2342259d8fb150b02dc1565,0x0c673c53a29acb19c7e55b292d259e4d,0xef9347782273a2197197539de8ce2670,2024-01-05 00:15:00,ethereum,MATIC,71.74,2.2445,mint,confirmed,2024,1,5
0x2a51262b66cced52912358502a37a010,0xd21dbd2c4e178b2cb55dce0c6a43effc,0xa6b993b9b39c975218e2e531e9890839,2024-01-05 00:40:00,polygon,BTC,123.19,4.7611,transfer,confirmed,2024,1,5
0x88052b22c8c2349c0599bd39a654c534,0xc6f273ac241a04216e0a703c18c36532,0xc831a4737bdb12febec1de3b85963596,2024-01-05 01:05:00,ethereum,USDC,7.49,2.7177,transfer,confirmed,2024,1,5
0x59d9b46aa00c70238bb89056cfeb96c0,0x9ece8c4020f8aed10676cd1c56a41889,0x504671942e41c4c4a8d45f9f4e673bec,2024-01-05 01:30:00,polygon,ETH,41.92,0.6852,stake,failed,2024,1,5
0x04f2a4140112ae491f66a1c558df795f,0x8cd5a487792e95045574fe205e4efdf9,0x83a9bdc7ceb101cc3b574cdf1db4113d,2024-01-05 01:55:00,bitcoin,BTC,288.54,4.7698,swap,confirmed,2024,1,5
0x8576a5108a045a711b0927e2408d4b34,0x41a2abe109f243e12e72133cf46ea5db,0x903ffe1f5b1b03684bbe81cdff06e24d,2024-01-05 02:20:00,ethereum,USDT,1320.79,6.8362,transfer,confirmed,2024,1,5
0x9ce3d416394a5c9a29756027ff8cb37a,0x657bc81a9e2fba4293ed712d02a82191,0x98c8e5838ebab85802aa740425c1143d,2024-01-05 02:45:00,bitcoin,USDT,1.79,0.8462,swap,confirmed,2024,1,5
0xc617ea9609ec341360765f6d29b5814e,0xe6f3956464556eb0f7e310ccfaebe1d1,0x5f6a53241a0081a33fb790ba2041e811,2024-01-05 03:10:00,polygon,USDT,1221.16,3.8979,swap,confirmed,2024,1,5
0x5aa3405a3f865c10f420a4a7b55cbff3,0x89a0afa8bca03ba74e75fe1e36d1a431,0x10acc60f090253259fcb73448e545599,2024-01-05 03:35:00,ethereum,USDC,523.15,3.1708,swap,confirmed,2024,1,5
0x29a6aa8af3c942a277478a90aa4cae21,0x3695b09d29f3d88d21ad2bbfc230edae,0x493dfb5090f60f4c095be6946290bd14,2024-01-05 04:00:00,polygon,USDT,10.32,1.8916,swap,confirmed,2024,1,5
0x30f607dcab85f4577f6935084e733fd2,0xbb534b6741a863fd098b8ea0a709d680,0xf98919752bf9bfb31e539a1fe663fd68,2024-01-05 04:25:00,bitcoin,USDC,4.79,3.6655,swap,confirmed,2024,1,5
0xa399f7f1554f59cecb453623c1c2a196,0xfd8689cb80113b68be586d8b5a6aa06a,0x8b550a0ca911a53b1c6fc398c7828f40,2024-01-05 04:50:00,solana,USDC,207.02,0.9496,transfer,confirmed,2024,1,5
0x99ba5c4097c6b8fef5ed774a1a6714b8,0xf0b3b7623d3bedf898459673d778319e,0x3e99ad8ee3fbcbfa3d369d7fb0b0ea89,2024-01-05 05:15:00,polygon,BTC,38.99,5.4766,transfer,confirmed,2024,1,5
0x5df0385cba256a135be596dbe28fa7aa,0x93b1ad3cfaeb254ea3c68ee7ea23c582,0xdbb63dee74ead9034defd63d91d197e9,2024-01-05 05:40:00,ethereum,USDC,118.09,11.5747,burn,confirmed,2024,1,5
0xd2319feb7864f7123a48f0ce98e09936,0xff0aa5febff01840387a57bf41db361d,0xb522147e61ba70e1757adf4988757bca,2024-01-05 06:05:00,polygon,USDT,500.9,1.6334,stake,confirmed,2024,1,5
0x8511df98c02ab60aea1b2356c013bc0f,0xe02181454edbd5c9103b73061e58cd9c,0xf0277b130fa4966f39fd1986168dc042,2024-01-05 06:30:00,ethereum,ETH,42.87,4.2532,transfer,confirmed,2024,1,5
0x20371daa1dcc7045675cf3c09dc71d6e,0xcd654cbb5fea850adf5a28ef7a6e2994,0xe3f75d063f1c0ffeecdc7279a596b33d,2024-01-05 06:55:00,polygon,ETH,124.41,14.0169,transfer,confirmed,2024,1,5
0x2b296ab4f2db709cc20056f93c4b04ee,0x92007d4feb0c68600f6ea3423d65dea0,0xf13932e0a4ec5d0230b59297872828c3,2024-01-05 07:20:00,bitcoin,USDC,232.09,4.9427,transfer,confirmed,2024,1,5
0x4c03f769f791d9f1148f3b1e59090473,0x923b25d9d294c98405bfd70ac7604701,0x9bb2ae6f61c1343a3d1dba3c1d3c2543,2024-01-05 07:45:00,bitcoin,USDT,529.41,2.9598,transfer,failed,2024,1,5
0xa7eb3f86b0d99361a5053a41d7d38576,0x5d68f62085335588b67cf713ed6b3cfb,0x367c0d916d8b0783510edcdff8d74e73,2024-01-05 08:10:00,solana,ETH,3012.15,2.1631,transfer,confirmed,2024,1,5
0xa2ce8f1706e52936dfad516c23904e3e,0x903a4fb3dc3db3f194ff4d50d5dd1f06,0xe60b7244807a33098cb8b5470084a291,2024-01-05 08:35:00,ethereum,USDT,2667.77,5.167,transfer,confirmed,2024,1,5
0x613690cd913c7e69998dd12df14a96fa,0x603ac5175e0b004e988fa8b1fda8c142,0x636108aafd77e91e6653926a7a32234f,2024-01-05 09:00:00,bitcoin,ETH,145.54,4.0304,transfer,confirmed,2024,1,5
0x4e8eaf897c638d519710b1691121f8cb,0x5a7b32f28b607c1cdca4f6821054a998,0xe4cec665be9f87189bb2bd890e869de4,2024-01-05 09:25:00,ethereum,BTC,56.24,7.428,transfer,confirmed,2024,1,5
0x09d90af096ee93aae1cecbb338d43020,0xa45c60cc393deac09b742f8bb58e275f,0x6651559484a21926c6b75bc13df02f63,2024-01-05 09:50:00,ethereum,USDT,10165.55,1.3281,swap,confirmed,2024,1,5
0x0eac690d7059a8de4b48e90f14510391,0x0bbf349b0c07a1777892a8d13937571e,0xe38ec8009cd040f93d45485dd587fa5f,2024-01-05 10:15:00,polygon,USDT,322.36,10.6083,transfer,confirmed,2024,1,5
0xe82a0d322fa2653ba0ce48474cbe03a6,0x75626fed9acb19545a0e2c0a6d5b19d7,0xf0814ba06ab02d84fa42e227b8474223,2024-01-05 10:40:00,bitcoin,ETH,210.86,3.2451,stake,confirmed,2024,1,5
0xc8461bf13fca8a2b9912ab2eb1668e4b,0x0699ddd40db0b8a986ecf120f5b872e5,0x8a79ac9d1156e5544b5e1d82e29928d5,2024-01-05 11:05:00,solana,ETH,10.06,7.4938,transfer,confirmed,2024,1,5
0x1868f17c2c15b5eafdc3cce2f5ac97d5,0x81a84a94d8313e42753674c2eeaa0186,0x51e30bcda7c1b6dd1c64bdba041691d6,2024-01-05 11:30:00,bitcoin,USDT,424.3,2.5144,burn,failed,2024,1,5
0xeb6dc8aba23375061b6f07b137617096,0x03a2b89f849223644395d2951dadff6c,0x0d298daf0cd25f898698d63619bb225c,2024-01-05 11:55:00,ethereum,USDC,19.18,1.5866,swap,confirmed,2024,1,5
0xf3a4ff4839c56a5f460c88cce3666a2b,0x0d44502f9db3fa0f1c2dd0b523573f8b,0x50d40c7d65b8cce86464ece30791baf1,2024-01-05 12:20:00,solana,USDC,36.2,2.8473,burn,confirmed,2024,1,5
0x43f8e83d15ca083fb58e9b745e5de0d4,0xc16fd6e47644c2451f53235797d05252,0x20b84384554672518ea97074364e8ced,2024-01-05 12:45:00,ethereum,BTC,6.32,2.0886,transfer,confirmed,2024,1,5
0x0801b20e08c3242125d512808cd74302,0x9708fa05fcb3e7f4ccc675379da49353,0x98904c8432e48475e7f9a1a1a462d9f2,2024-01-05 13:10:00,ethereum,USDT,32.08,3.321,transfer,confirmed,2024,1,5
0x408269455f78f1355681e814c317679a,0xbe2b07d84f10f8b3b3cae84b620cf166,0x07444d0dfde49951b5e96bced7d1bd5f,2024-01-05 13:35:00,polygon,USDT,101.94,7.5256,swap,confirmed,2024,1,5
0x7eea1f266bfc82028683ad15da46e05e,0x8f03eb402fb51efd87a8fa821ef71e36,0xe27cb7f03e26d81b0524bc2712f875bb,2024-01-05 14:00:00,bitcoin,USDC,4.55,10.623,transfer,confirmed,2024,1,5
0x2dd758690d1113777f254f9eae319874,0x994204a8bf2b1cb2dd875643c0607be7,0x8d60a2d24ac32109838dba8ccfd474dd,2024-01-05 14:25:00,bitcoin,BTC,15.18,5.2744,transfer,confirmed,2024,1,5
0xadbe673fd502b32bee221970f9cb0e8d,0xee8c50f66027b5867b029f14d8cc6566,0x9aae4b65adaf348fba0b9782faa2d060,2024-01-05 14:50:00,solana,USDC,77.12,2.9084,swap,confirmed,2024,1,5
0x46c67bed153cfbe02079aa014f3d6387,0xc8ce9fddb99dbb5d3a80b207246f74b5,0x59a09da2dea0e23af829a8a7d7eb626c,2024-01-05 15:15:00,ethereum,BTC,7.3,3.1235,transfer,confirmed,2024,1,5
0x9cac2ca53c5fe723c249d012d6091c50,0xe40c701b30b098a3c632425d845f95e3,0x315b4b76c41a8d69ed1bfd06dc4fddfd,2024-01-05 15:40:00,solana,ETH,7.45,7.1979,mint,confirmed,2024,1,5
0xf8c84522811ab80c6b11873d9fa38e20,0x446e3045851a8538cd64d8b7e82dbc37,0x913fe9b025e9c167d408514af9acc93f,2024-01-05 16:05:00,polygon,ETH,17.21,11.1229,transfer,confirmed,2024,1,5
0x250473494b245120a7eaf8b2e6b1f17c,0x1af70c8771c50d65f8ba3d678e90e1e9,0x523674f0254a14ac1846b3f0c9a6fc9f,2024-01-05 16:30:00,ethereum,USDT,5.47,3.4609,swap,confirmed,2024,1,5
0x146f7dd4c91bc9d80cf4458ad6d6cd1b,0xceb8dce4ae22145e78522275f277435d,0xf334f3d21525d7b20c3c864c54d4ddaf,2024-01-05 16:55:00,ethereum,USDC,305.87,4.0535,swap,confirmed,2024,1,5
0x54baf7f8288c87badf5f2dfb62baa1c3,0x8c4b3595f4509c39f6435176354b61b9,0x598179f6dfd19aa5ce9c09ae9afe46e0,2024-01-05 17:20:00,ethereum,BTC,12.47,2.4564,burn,confirmed,2024,1,5
0x499864301513d8852b624ca93a960bcc,0x00ed29a6406651afe71482b5470432f5,0x9e74e952664ac31a20baa2f413ea1fdc,2024-01-05 17:45:00,solana,USDT,416.49,5.2881,transfer,confirmed,2024,1,5
0xb0cf188d74589db9b23d5d277238a929,0x5e9ea435dd2df6ec80402f291d9df643,0x45afcb58b2287566457514fd63547d39,2024-01-05 18:10:00,bitcoin,ETH,567.83,9.6358,transfer,confirmed,2024,1,5
0x1d936dadf30010a96155a780553d5513,0xf0c42ab73bcb8e92099ab3c7d389b57e,0x641ca52cceb69aeb7138c404690899b7,2024-01-05 18:35:00,ethereum,USDT,8.3,0.4384,transfer,confirmed,2024,1,5
0xf8895f0da0edf4dada68d801c5f92d80,0x05d7c46897b133cde5c4345442737622,0x97c459ad151b98091a5257ef6f9b3d8f,2024-01-05 19:00:00,ethereum,BTC,97.66,5.498,stake,confirmed,2024,1,5
0x90b9ec1e25ed6705ac341eb17690d55c,0xf330353f8c4cc94205ec099bead3053c,0x30d8e7d93bdce7785022474a4936c960,2024-01-05 19:25:00,solana,BTC,34.71,2.8848,transfer,confirmed,2024,1,5
0xa55472983efa2e239b315de91576d1d3,0xa9f93a64f168d5eb0de529331648591b,0x4206b581535fe50d934b0ddbcb6f9f9f,2024-01-05 19:50:00,ethereum,ETH,9.35,0.6961,swap,confirmed,2024,1,5
0xfc1c379653b4feca4252b4d078352c4d,0x3d62bbb65605350d9cf43fad107b093e,0xc6ad3e56b5ba93cd0daff6ebf10ecde8,2024-01-05 20:15:00,polygon,USDT,46.23,5.7599,transfer,confirmed,2024,1,5
0xf3ada80d5c4ee70142b17b8192b2958e,0xe876db23879ffaa9793f6a102e5063e6,0x98b1599c6a7bb8928d8ce5b159248296,2024-01-05 20:40:00,ethereum,USDT,55.68,4.172,stake,confirmed,2024,1,5
0x85554f207d7a7d8f7817ae532f0dd828,0x2b2c3ac6fd5656c66b6349297f7c8f34,0x6fb046523caeeee13834a89ce81ea2d1,2024-01-05 21:05:00,solana,USDT,371.07,6.0223,transfer,pending,2024,1,5
0xc4c32f6c24ee9c91d8debbd72cce2a22,0x9edb92515fc5ae08c2d8f9bca5c16c4b,0xc95bb5b8e0b41912f920009f975b6f68,2024-01-05 21:30:00,bitcoin,USDT,694.54,1.5026,swap,confirmed,2024,1,5
0x1147dc16a8e1b44eead07282cad093f8,0xccf718bf7d49ae991b33f88452a627ed,0x1e32f7a456f064374d79531d261aee2d,2024-01-05 21:55:00,ethereum,BTC,10.05,24.772,transfer,confirmed,2024,1,5
0xa4bc254def844da9f771cd03eb0cb6d4,0x7f11aff8ee3ab2d4561f4f5bb996f538,0xf82c75248f4aef146d6188f4db622d62,2024-01-05 22:20:00,solana,USDC,40.09,4.8966,burn,confirmed,2024,1,5
0x1fd6c4e41e2c6a6b092eb13ee72bce95,0x5e50bebfaee0312ad55e13ced21b88e6,0x40bdbb086e97593bafaabf5a786a5eab,2024-01-05 22:45:00,bitcoin,USDT,259.11,3.406,transfer,confirmed,2024,1,5
0x46e2516e4be5d286ca371505494592b4,0xd59cfe083c72a3fad01d607c9e347122,0x09cc6397e8cf09199082fb078552701c,2024-01-05 23:10:00,polygon,USDC,941.64,15.1703,swap,confirmed,2024,1,5
0x903cc7be42d6fae3ae8c8be791ceeb74,0x117c29a4d1b26107f19570a5d1595ee0,0x0c59a96b82dbee2fffaee1b0d9a20eb3,2024-01-05 23:35:00,bitcoin,BTC,1.0,7.5521,swap,confirmed,2024,1,5
0x52aa16fc56779ac9b2ae91a8b47927ba,0x2077a0f8539ebe890a3dc0beb6c7a444,0x686cf7631f6f1d8ad25705ad825905e4,2024-01-06 00:00:00,ethereum,USDT,1152.08,8.7259,transfer,confirmed,2024,1,6
0x216f44e2d28d4e175a194492bde9148f,0x3ebab37e751cc294662d6b3a24d01b40,0xfa64e505896d0dc1271d27d1c8a4a1ab,2024-01-06 00:25:00,ethereum,ETH,64.41,11.3654,transfer,confirmed,2024,1,6
0xc76fc22972602cd585beccfb9be283c8,0x13731d57d40149e7b6a3a549e4042293,0x7ac4f4727401eb330597c66122cde5ca,2024-01-06 00:50:00,ethereum,ETH,1912.89,0.8545,transfer,confirmed,2024,1,6
0x14c4f36143b4b09cbc320d7c95a50ee7,0x0e4552acbe2f5ff5416fea0a7c0fbf7a,0xef9347782273a2197197539de8ce2670,2024-01-06 01:15:00,ethereum,MATIC,38.67,17.0383,mint,confirmed,2024,1,6
0x5f7039b1bb628805481cb58560a1208b,0x90706f14ef1087cf9501b926fe97533e,0xa6b993b9b39c975218e2e531e9890839,2024-01-06 01:40:00,ethereum,BTC,17.16,3.3945,transfer,confirmed,2024,1,6
0x8ef99bfe02f6d9e5c920cfebe29ee9fb,0x538065c753a7d5868f7d19de1cdff3e3,0xc831a4737bdb12febec1de3b85963596,2024-01-06 02:05:00,ethereum,ETH,98.47,5.6316,transfer,confirmed,2024,1,6
0xc87579e7369697e409f6d7767838ced5,0x2a3db66301df919cb3d78ca7411be0c6,0x504671942e41c4c4a8d45f9f4e673bec,2024-01-06 02:30:00,solana,USDT,928.12,9.377,transfer,confirmed,2024,1,6
0x0fe9736d2d0d132d43d9fe500a0557bf,0xa132cbbd6a2c2981165a239e22fba6c7,0x83a9bdc7ceb101cc3b574cdf1db4113d,2024-01-06 02:55:00,ethereum,MATIC,95.7,2.5349,transfer,confirmed,2024,1,6
0xd062f3e278a1fbba2303ff5a22e8c75e,0x91d8d21d21d64d8890aae88a01537e24,0x903ffe1f5b1b03684bbe81cdff06e24d,2024-01-06 03:20:00,bitcoin,USDC,1.0,5.7795,transfer,confirmed,2024,1,6
0xaf922fd52975aee0083fb8e0ba9c1d64,0xb79fbe59e7c297447e5005b13814cd9f,0x98c8e5838ebab85802aa740425c1143d,2024-01-06 03:45:00,ethereum,MATIC,352.58,8.2507,transfer,failed,2024,1,6
0x0f1436a95643b9b2290678e35a58d859,0x88c0f392517ad8ea55bb7643a67dcbeb,0x5f6a53241a0081a33fb790ba2041e811,2024-01-06 04:10:00,ethereum,MATIC,3.63,4.3341,swap,failed,2024,1,6
0x096b826c74d0c38d76aa6dbae35ed59d,0x485ddf8dd90940f69b2f2274af864ad3,0x10acc60f090253259fcb73448e545599,2024-01-06 04:35:00,polygon,BTC,12.77,6.6573,swap,confirmed,2024,1,6
0xfa28c6cdf8dd6f41a657c3d7caa5c709,0x3d517fe6ebab7b8cfcf98db6259c8a59,0x493dfb5090f60f4c095be6946290bd14,2024-01-06 05:00:00,solana,ETH,8.86,1.2402,stake,confirmed,2024,1,6
0x42ba513c42a0fd6558aa44b1de658140,0x24c9e15e52afc47c225b757e7bee1f9d,0xf98919752bf9bfb31e539a1fe663fd68,2024-01-06 05:25:00,bitcoin,ETH,2.3,1.7269,swap,confirmed,2024,1,6
0xa88aeeec495b4cbe092b4bcfd15b9d9c,0x7e58d63b60197ceb55a1c487989a3720,0x8b550a0ca911a53b1c6fc398c7828f40,2024-01-06 05:50:00,ethereum,ETH,7.38,1.7858,mint,confirmed,2024,1,6
0xbeda847edabdd461b87a0821a65cad5f,0x92877af70a45fd6a2ed7fe81e1236b78,0x3e99ad8ee3fbcbfa3d369d7fb0b0ea89,2024-01-06 06:15:00,solana,USDT,12.53,6.0308,transfer,failed,2024,1,6
0x05425f51eaeab268c26a5d42f2ccedaf,0x3f02ebe3d7929b091e3d8ccfde2f3bc6,0xdbb63dee74ead9034defd63d91d197e9,2024-01-06 06:40:00,ethereum,MATIC,26.51,89.5066,swap,confirmed,2024,1,6
0xe561611fa0ccf4a2c8867a82f8382816,0x0a791842f52a0acfbb3a783378c066b8,0xb522147e61ba70e1757adf4988757bca,2024-01-06 07:05:00,bitcoin,ETH,80.92,5.5304,transfer,confirmed,2024,1,6
0x3b922393a3cb462762ff5dd2bec1b20f,0xaffec3b64cf90492377a8114c86fc093,0xf0277b130fa4966f39fd1986168dc042,2024-01-06 07:30:00,bitcoin,USDC,46.16,3.9817,transfer,confirmed,2024,1,6
0xff2d5fc3ab1932df3c00308bead36006,0x3e0469fb134991f8f75a2760e409c6ed,0xe3f75d063f1c0ffeecdc7279a596b33d,2024-01-06 07:55:00,solana,USDC,4.66,4.2563,transfer,confirmed,2024,1,6
0x52dfa8e7d62825d70fcd34c15910558c,0x7668f673d5669995175ef91b5d171945,0xf13932e0a4ec5d0230b59297872828c3,2024-01-06 08:20:00,polygon,USDT,62.59,9.8417,swap,confirmed,2024,1,6
0x59b5a32ef22091b6057d844141c0bafd,0x8808a13b854c2563da1a5f6cb2130868,0x9bb2ae6f61c1343a3d1dba3c1d3c2543,2024-01-06 08:45:00,polygon,ETH,629.84,7.9337,transfer,confirmed,2024,1,6
0xc0fda89ebd645bd7cea60fcbb5960309,0x990d67a9f94696b1abe2dccf06900322,0x367c0d916d8b0783510edcdff8d74e73,2024-01-06 09:10:00,bitcoin,ETH,599.7,1.7907,transfer,confirmed,2024,1,6
0x37f76c6fe3ab45e0cd7ecb176b5a046d,0x03aa1a0b0375b0461c1b8f35b234e67a,0xe60b7244807a33098cb8b5470084a291,2024-01-06 09:35:00,polygon,USDT,117.84,10.1109,transfer,confirmed,2024,1,6
0xb6dfd41875bc090bd31d0b1740eb5b1b,0xd781eaae8248db6ce1a7b82e58e60435,0x636108aafd77e91e6653926a7a32234f,2024-01-06 10:00:00,solana,USDT,310.68,4.3967,stake,failed,2024,1,6
0xb4e267d84075f66ebd967d95331fcc03,0xd09979d794a6ee60d836f884739f7196,0xe4cec665be9f87189bb2bd890e869de4,2024-01-06 10:25:00,solana,BTC,536.21,8.6297,transfer,confirmed,2024,1,6
0x9afe487de556e59e6db6c862adfe25a4,0xef06d5cbf35386ff2203d186eeff7923,0x6651559484a21926c6b75bc13df02f63,2024-01-06 10:50:00,polygon,BTC,1371.01,0.9056,stake,confirmed,2024,1,6
0xeb7cdec4751eb3b3fd24908c6bdb1c17,0x726dedc0d6788b05f486730edcc0e871,0xe38ec8009cd040f93d45485dd587fa5f,2024-01-06 11:15:00,ethereum,ETH,2678.2,1.292,stake,confirmed,2024,1,6
0x95cc848bdbf89f5187fbfa8aa2ba1a5e,0x8a62f0beaa5ae938956f5ea290321336,0xf0814ba06ab02d84fa42e227b8474223,2024-01-06 11:40:00,ethereum,MATIC,47.44,7.2245,swap,confirmed,2024,1,6
0x1319c26b37ea5c6413750b06f30f6b6a,0x2b4233ebec7a45e1fb8ddd1aab794f7b,0x8a79ac9d1156e5544b5e1d82e29928d5,2024-01-06 12:05:00,bitcoin,USDC,52.28,1.0613,stake,confirmed,2024,1,6
0x0589dd536fd043ff3865f8223fef3030,0x7ac18a1893e1d2bd5b46958ce1d2a8d0,0x51e30bcda7c1b6dd1c64bdba041691d6,2024-01-06 12:30:00,bitcoin,MATIC,1712.31,6.1215,stake,confirmed,2024,1,6
0x29000b029c61328a948b1c7afa01cea3,0x2baab43f784b5b530b5347a50490bb0a,0x0d298daf0cd25f898698d63619bb225c,2024-01-06 12:55:00,polygon,USDC,2042.93,5.8739,mint,confirmed,2024,1,6
0x827d73770aaf3ea56e4ddbd99f0141f7,0x10880c7f4e4209eeda79711e1ea1723e,0x50d40c7d65b8cce86464ece30791baf1,2024-01-06 13:20:00,ethereum,BTC,1961.2,5.0357,swap,confirmed,2024,1,6
0x7b780be82755701ccc69c82a3e656375,0x2e129db15b6d6db5342ba5d328642262,0x20b84384554672518ea97074364e8ced,2024-01-06 13:45:00,polygon,USDC,1.0,5.9561,transfer,confirmed,2024,1,6
0x28d6abf291fdd1f27f7c5f75efc4ffb9,0x87dc1e131a1369fdf8f1c824a6a62dff,0x98904c8432e48475e7f9a1a1a462d9f2,2024-01-06 14:10:00,bitcoin,ETH,58.01,5.5423,transfer,confirmed,2024,1,6
0xf42fff7bf91c9292a6a6dd4ee86eee6c,0x00a65dd47e842bcc3d82a296301071fb,0x07444d0dfde49951b5e96bced7d1bd5f,2024-01-06 14:35:00,polygon,USDT,1.0,6.4104,transfer,confirmed,2024,1,6
0xb49b0133825194a67e0660a5557deb0a,0x5e6c9b24829588e0ac8f7d8074a4bfd4,0xe27cb7f03e26d81b0524bc2712f875bb,2024-01-06 15:00:00,ethereum,ETH,387.56,3.2381,transfer,confirmed,2024,1,6
0xa7968b4339a1b85b7dbdb362dc44f9c4,0x0f8f84c18bfd5244ed976f63924a8a0e,0x8d60a2d24ac32109838dba8ccfd474dd,2024-01-06 15:25:00,bitcoin,BTC,100.61,4.4039,swap,confirmed,2024,1,6
0x45ececbb4fa848ad3a87f3ee17919755,0xa507ac920f797876259f3c91f5cdef99,0x9aae4b65adaf348fba0b9782faa2d060,2024-01-06 15:50:00,ethereum,USDC,99.92,46.6886,transfer,confirmed,2024,1,6
0x7392ea4ca76ad2fb4c9c3b6a5c6e31e3,0x078d079e6146dec4dbf2135a8e513e2e,0x59a09da2dea0e23af829a8a7d7eb626c,2024-01-06 16:15:00,ethereum,BTC,68.35,11.1286,mint,confirmed,2024,1,6
0xfdb55ce855129e05da8374059cc82728,0xb6f7fac0074f6508e5a4540ad89b55c0,0x315b4b76c41a8d69ed1bfd06dc4fddfd,2024-01-06 16:40:00,solana,USDC,1220.17,7.3134,transfer,confirmed,2024,1,6
0xc115ba9e04ab27fbbb664f932112246d,0x244fd63d0adbf673130fce2f222078a5,0x913fe9b025e9c167d408514af9acc93f,2024-01-06 17:05:00,ethereum,USDT,50.09,6.1339,swap,confirmed,2024,1,6
0x0f20c77d6afb02422603acb0329b5a41,0x40b13b85e6e4fc9c4a6f24379db20a39,0x523674f0254a14ac1846b3f0c9a6fc9f,2024-01-06 17:30:00,solana,ETH,710.68,2.5041,transfer,confirmed,2024,1,6
0xbd9d03102a312711b0a71ecb44581d9d,0x0c673c53a29acb19c7e55b292d259e4d,0xf334f3d21525d7b20c3c864c54d4ddaf,2024-01-06 17:55:00,bitcoin,ETH,272.38,5.3733,transfer,confirmed,2024,1,6
0x6fc3f254b4f9c09c037e3ee7b40f5309,0xd21dbd2c4e178b2cb55dce0c6a43effc,0x598179f6dfd19aa5ce9c09ae9afe46e0,2024-01-06 18:20:00,ethereum,ETH,183.76,3.6784,mint,confirmed,2024,1,6
0xd4254a0e7aa1a351983d6b3b4c1816ea,0xc6f273ac241a04216e0a703c18c36532,0x9e74e952664ac31a20baa2f413ea1fdc,2024-01-06 18:45:00,polygon,USDT,227.05,9.5531,transfer,confirmed,2024,1,6
0x042551811c82ef07fbe3289501b5ab28,0x9ece8c4020f8aed10676cd1c56a41889,0x45afcb58b2287566457514fd63547d39,2024-01-06 19:10:00,ethereum,USDC,112.33,2.1552,swap,confirmed,2024,1,6
0x47d40767c7e9df50249ebfd9c7cfff77,0x8cd5a487792e95045574fe205e4efdf9,0x641ca52cceb69aeb7138c404690899b7,2024-01-06 19:35:00,polygon,ETH,10.1,0.6768,transfer,confirmed,2024,1,6
0xa8d3b1e36a14da038a06f675d1693dd8,0x41a2abe109f243e12e72133cf46ea5db,0x97c459ad151b98091a5257ef6f9b3d8f,2024-01-06 20:00:00,ethereum,BTC,377.07,2.8625,swap,confirmed,2024,1,6
0x305fa4e2c0e76dd586553d64c975a626,0x657bc81a9e2fba4293ed712d02a82191,0x30d8e7d93bdce7785022474a4936c960,2024-01-06 20:25:00,polygon,MATIC,374.9,7.8255,transfer,confirmed,2024,1,6
0x7b3403f79b478699224bb449509694cf,0xe6f3956464556eb0f7e310ccfaebe1d1,0x4206b581535fe50d934b0ddbcb6f9f9f,2024-01-06 20:50:00,ethereum,BTC,67.51,32.0422,transfer,confirmed,2024,1,6
0xb8ce47761ed7b3b6f48b583350b7f9e4,0x89a0afa8bca03ba74e75fe1e36d1a431,0xc6ad3e56b5ba93cd0daff6ebf10ecde8,2024-01-06 21:15:00,ethereum,MATIC,388.16,10.1788,swap,confirmed,2024,1,6
0xe0be0edcb00cc770525f1400c1666b0f,0x3695b09d29f3d88d21ad2bbfc230edae,0x98b1599c6a7bb8928d8ce5b159248296,2024-01-06 21:40:00,solana,USDC,543.41,2.0486,transfer,confirmed,2024,1,6
0x8f187f643090a53e52550571a8e92ad8,0xbb534b6741a863fd098b8ea0a709d680,0x6fb046523caeeee13834a89ce81ea2d1,2024-01-06 22:05:00,bitcoin,BTC,6.94,3.7613,swap,confirmed,2024,1,6
0xdcf3219715a7c9cd9286f19db46f2384,0xfd8689cb80113b68be586d8b5a6aa06a,0xc95bb5b8e0b41912f920009f975b6f68,2024-01-06 22:30:00,polygon,USDT,67.74,2.0944,transfer,failed,2024,1,6
0xe3958a8c7218de842b0db063b56cc2dd,0xf0b3b7623d3bedf898459673d778319e,0x1e32f7a456f064374d79531d261aee2d,2024-01-06 22:55:00,polygon,ETH,37.1,3.8597,mint,confirmed,2024,1,6
0x4042483f5c2c4015e2a6abd47aa76b6f,0x93b1ad3cfaeb254ea3c68ee7ea23c582,0xf82c75248f4aef146d6188f4db622d62,2024-01-06 23:20:00,ethereum,USDT,14.73,2.1862,transfer,confirmed,2024,1,6
0x76444b3132fda0e2aca778051d776f1c,0xff0aa5febff01840387a57bf41db361d,0x40bdbb086e97593bafaabf5a786a5eab,2024-01-06 23:45:00,polygon,USDC,171.51,1.2029,stake,failed,2024,1,6
0x1354b84eca447ab194edadb895706bb0,0xe02181454edbd5c9103b73061e58cd9c,0x09cc6397e8cf09199082fb078552701c,2024-01-07 00:10:00,solana,ETH,16.67,6.396,stake,confirmed,2024,1,7
0x71ee911dd06428a96c143a0b135041a4,0xcd654cbb5fea850adf5a28ef7a6e2994,0x0c59a96b82dbee2fffaee1b0d9a20eb3,2024-01-07 00:35:00,ethereum,ETH,37.76,5.2411,mint,confirmed,2024,1,7
0xd04e5fdcd17f0616f965099351d2f2a1,0x92007d4feb0c68600f6ea3423d65dea0,0x686cf7631f6f1d8ad25705ad825905e4,2024-01-07 01:00:00,bitcoin,ETH,147.05,3.9094,transfer,failed,2024,1,7
0x3e9928ece00c78dc7777c644f68d3956,0x923b25d9d294c98405bfd70ac7604701,0xfa64e505896d0dc1271d27d1c8a4a1ab,2024-01-07 01:25:00,ethereum,ETH,181.22,5.912,swap,confirmed,2024,1,7
0x52ff52aa56d10a1287274ecf02dccb5f,0x5d68f62085335588b67cf713ed6b3cfb,0x7ac4f4727401eb330597c66122cde5ca,2024-01-07 01:50:00,polygon,ETH,171.24,22.7975,stake,confirmed,2024,1,7
0x0dc11dc170cd8836e9f1c111b19a6e03,0x903a4fb3dc3db3f194ff4d50d5dd1f06,0xef9347782273a2197197539de8ce2670,2024-01-07 02:15:00,ethereum,USDC,7846.45,4.9217,swap,failed,2024,1,7
0x3d460f2a78c6332c93af8ab63bda4f63,0x603ac5175e0b004e988fa8b1fda8c142,0xa6b993b9b39c975218e2e531e9890839,2024-01-07 02:40:00,bitcoin,BTC,32.87,3.3111,swap,confirmed,2024,1,7
0xa9883e7bb20e56060778cf794125afc4,0x5a7b32f28b607c1cdca4f6821054a998,0xc831a4737bdb12febec1de3b85963596,2024-01-07 03:05:00,polygon,USDT,148.47,8.9615,transfer,confirmed,2024,1,7
0x614d37f84c3f41a6014aaec3a5bc6c61,0xa45c60cc393deac09b742f8bb58e275f,0x504671942e41c4c4a8d45f9f4e673bec,2024-01-07 03:30:00,polygon,BTC,8.07,1.205,transfer,confirmed,2024,1,7
0x3f8b2a81da929223ae025fcec26dde0d,0x0bbf349b0c07a1777892a8d13937571e,0x83a9bdc7ceb101cc3b574cdf1db4113d,2024-01-07 03:55:00,ethereum,ETH,235.74,8.1899,swap,confirmed,2024,1,7
0x3bd7ef30b1a12dc749b97afc9517a4f4,0x75626fed9acb19545a0e2c0a6d5b19d7,0x903ffe1f5b1b03684bbe81cdff06e24d,2024-01-07 04:20:00,polygon,USDT,904.07,2.4117,transfer,confirmed,2024,1,7
0xc535e3a7f97daf1c4b1eb03cc8e31623,0x0699ddd40db0b8a986ecf120f5b872e5,0x98c8e5838ebab85802aa740425c1143d,2024-01-07 04:45:00,ethereum,USDT,1020.17,2.3318,transfer,confirmed,2024,1,7
0xcf34645d98a7630e2bcca98b3e29c8f2,0x81a84a94d8313e42753674c2eeaa0186,0x5f6a53241a0081a33fb790ba2041e811,2024-01-07 05:10:00,polygon,ETH,25.24,4.8938,transfer,confirmed,2024,1,7
0xe234e195f3789f05483378c397db1cb5,0x03a2b89f849223644395d2951dadff6c,0x10acc60f090253259fcb73448e545599,2024-01-07 05:35:00,bitcoin,BTC,51.47,17.0795,transfer,confirmed,2024,1,7
0x8c5b18cbdfd35320a10729d3aaf1343b,0x0d44502f9db3fa0f1c2dd0b523573f8b,0x493dfb5090f60f4c095be6946290bd14,2024-01-07 06:00:00,ethereum,USDT,1124.14,2.4685,burn,confirmed,2024,1,7
0x0bc10d8a74dbafbf242e30433e83aa56,0xc16fd6e47644c2451f53235797d05252,0xf98919752bf9bfb31e539a1fe663fd68,2024-01-07 06:25:00,polygon,MATIC,74.68,9.6022,transfer,confirmed,2024,1,7
0x7296d81c3d5e425bc1785994bea8a0d2,0x9708fa05fcb3e7f4ccc675379da49353,0x8b550a0ca911a53b1c6fc398c7828f40,2024-01-07 06:50:00,polygon,ETH,612.38,6.0633,stake,confirmed,2024,1,7
0x4b4c6c207e1e59c5af70b3b4c7b46c5a,0xbe2b07d84f10f8b3b3cae84b620cf166,0x3e99ad8ee3fbcbfa3d369d7fb0b0ea89,2024-01-07 07:15:00,polygon,BTC,12.87,1.473,transfer,confirmed,2024,1,7
0x4e668929edb3bf915e1a3a9d96c3c97e,0x8f03eb402fb51efd87a8fa821ef71e36,0xdbb63dee74ead9034defd63d91d197e9,2024-01-07 07:40:00,solana,USDT,1431.87,9.3277,swap,confirmed,2024,1,7
0x9e1bf34472174eadec17fc5e1ccaafdb,0x994204a8bf2b1cb2dd875643c0607be7,0xb522147e61ba70e1757adf4988757bca,2024-01-07 08:05:00,ethereum,ETH,702.39,2.3141,swap,confirmed,2024,1,7
0xd57edf2d2082b0865e15d11edaecdb20,0xee8c50f66027b5867b029f14d8cc6566,0xf0277b130fa4966f39fd1986168dc042,2024-01-07 08:30:00,ethereum,USDT,227.71,1.3824,swap,confirmed,2024,1,7
0x4abe2907e5149b18b63f7e88d5abf475,0xc8ce9fddb99dbb5d3a80b207246f74b5,0xe3f75d063f1c0ffeecdc7279a596b33d,2024-01-07 08:55:00,ethereum,MATIC,18.23,2.3794,mint,confirmed,2024,1,7
0xec6826e925952de7a90be595700f4189,0xe40c701b30b098a3c632425d845f95e3,0xf13932e0a4ec5d0230b59297872828c3,2024-01-07 09:20:00,bitcoin,ETH,65.4,2.5051,mint,confirmed,2024,1,7
0x40262352ed6dc77f564704f1d9267ba5,0x446e3045851a8538cd64d8b7e82dbc37,0x9bb2ae6f61c1343a3d1dba3c1d3c2543,2024-01-07 09:45:00,bitcoin,BTC,121.82,7.1968,mint,confirmed,2024,1,7
0xf2617d00a4f462b47ee02e168ae3273b,0x1af70c8771c50d65f8ba3d678e90e1e9,0x367c0d916d8b0783510edcdff8d74e73,2024-01-07 10:10:00,bitcoin,ETH,152.45,2.4955,transfer,confirmed,2024,1,7
0x9c7aa2e1f6b418b0639e5cd3a3557bb6,0xceb8dce4ae22145e78522275f277435d,0xe60b7244807a33098cb8b5470084a291,2024-01-07 10:35:00,bitcoin,USDT,73.0,14.8022,transfer,confirmed,2024,1,7
0xd0b9a6a56ca7fd6ebad617bcda8365a6,0x8c4b3595f4509c39f6435176354b61b9,0x636108aafd77e91e6653926a7a32234f,2024-01-07 11:00:00,ethereum,MATIC,58.16,5.3493,transfer,confirmed,2024,1,7
0x357cfba15668cc2e1e73111e09d54383,0x00ed29a6406651afe71482b5470432f5,0xe4cec665be9f87189bb2bd890e869de4,2024-01-07 11:25:00,ethereum,USDT,132.28,2.5223,transfer,confirmed,2024,1,7
0x6a80e309f1922a25cb00ebcbabc017ae,0x5e9ea435dd2df6ec80402f291d9df643,0x6651559484a21926c6b75bc13df02f63,2024-01-07 11:50:00,bitcoin,ETH,1467.21,2.2989,swap,confirmed,2024,1,7
0xef4c88811e3816f40407421553982e89,0xf0c42ab73bcb8e92099ab3c7d389b57e,0xe38ec8009cd040f93d45485dd587fa5f,2024-01-07 12:15:00,ethereum,BTC,1.62,5.3778,swap,confirmed,2024,1,7
0x15d496c747570c7e50bdcd422bee5576,0x05d7c46897b133cde5c4345442737622,0xf0814ba06ab02d84fa42e227b8474223,2024-01-07 12:40:00,bitcoin,USDT,5.79,0.8836,swap,pending,2024,1,7
0x6ae948577c0bd7c07f4e74b4745f74a8,0xf330353f8c4cc94205ec099bead3053c,0x8a79ac9d1156e5544b5e1d82e29928d5,2024-01-07 13:05:00,solana,USDC,4.1,0.7855,swap,confirmed,2024,1,7
0x4513c30b7d281d3bd5b6f91ddb1f61b9,0xa9f93a64f168d5eb0de529331648591b,0x51e30bcda7c1b6dd1c64bdba041691d6,2024-01-07 13:30:00,ethereum,BTC,22.78,2.2082,swap,confirmed,2024,1,7
0xc9a8a89997dec2c49626cd70b7849142,0x3d62bbb65605350d9cf43fad107b093e,0x0d298daf0cd25f898698d63619bb225c,2024-01-07 13:55:00,polygon,BTC,2.77,7.4167,transfer,confirmed,2024,1,7
0x96a0cc2f93365fadfcc06ba14e95fae1,0xe876db23879ffaa9793f6a102e5063e6,0x50d40c7d65b8cce86464ece30791baf1,2024-01-07 14:20:00,polygon,USDC,272.12,5.1724,burn,confirmed,2024,1,7
0x49f85a9ed090b20c8bed85a5923c669f,0x2b2c3ac6fd5656c66b6349297f7c8f34,0x20b84384554672518ea97074364e8ced,2024-01-07 14:45:00,ethereum,ETH,109.01,4.5603,mint,confirmed,2024,1,7
0xd9a5cf487c8317dba2cc8fafcf8a18a8,0x9edb92515fc5ae08c2d8f9bca5c16c4b,0x98904c8432e48475e7f9a1a1a462d9f2,2024-01-07 15:10:00,bitcoin,MATIC,54.19,3.7767,mint,confirmed,2024,1,7
0x8e7991af8afa942dc572950e01177da5,0xccf718bf7d49ae991b33f88452a627ed,0x07444d0dfde49951b5e96bced7d1bd5f,2024-01-07 15:35:00,solana,BTC,23.03,0.785,stake,confirmed,2024,1,7
0xbee8b2cc16ae69b1d21dfd4fa9dbf9ef,0x7f11aff8ee3ab2d4561f4f5bb996f538,0xe27cb7f03e26d81b0524bc2712f875bb,2024-01-07 16:00:00,ethereum,BTC,123.19,3.4551,transfer,confirmed,2024,1,7
0x29a9f8c8460e5e2be4edde557fd83712,0x5e50bebfaee0312ad55e13ced21b88e6,0x8d60a2d24ac32109838dba8ccfd474dd,2024-01-07 16:25:00,polygon,USDC,128.57,1.0832,transfer,confirmed,2024,1,7
0x859bf1416b8b8761c5d588dee78dc65f,0xd59cfe083c72a3fad01d607c9e347122,0x9aae4b65adaf348fba0b9782faa2d060,2024-01-07 16:50:00,polygon,ETH,174.26,8.741,transfer,confirmed,2024,1,7
0x6f5216f8d89b086c18298e043bfe48ed,0x117c29a4d1b26107f19570a5d1595ee0,0x59a09da2dea0e23af829a8a7d7eb626c,2024-01-07 17:15:00,bitcoin,ETH,20.95,4.4504,transfer,confirmed,2024,1,7
0xd58cc99982459ca8d73b89068f53e446,0x2077a0f8539ebe890a3dc0beb6c7a444,0x315b4b76c41a8d69ed1bfd06dc4fddfd,2024-01-07 17:40:00,solana,ETH,329.85,4.1708,swap,confirmed,2024,1,7
0x2747e3c644b9a085cd4d3a7718b16024,0x3ebab37e751cc294662d6b3a24d01b40,0x913fe9b025e9c167d408514af9acc93f,2024-01-07 18:05:00,polygon,USDT,4.77,6.1661,swap,confirmed,2024,1,7
0x9271905e840548b8cada6d60c0cfd93b,0x13731d57d40149e7b6a3a549e4042293,0x523674f0254a14ac1846b3f0c9a6fc9f,2024-01-07 18:30:00,bitcoin,ETH,1095.4,5.8022,swap,confirmed,2024,1,7
0x7d128c1d4a33165a8676d1650d8ff828,0x0e4552acbe2f5ff5416fea0a7c0fbf7a,0xf334f3d21525d7b20c3c864c54d4ddaf,2024-01-07 18:55:00,polygon,BTC,1.0,5.3975,transfer,failed,2024,1,7
0x93b71ff0836bb95466a9de7aaa34de09,0x90706f14ef1087cf9501b926fe97533e,0x598179f6dfd19aa5ce9c09ae9afe46e0,2024-01-07 19:20:00,bitcoin,ETH,27.46,5.92,swap,failed,2024,1,7
0x1415fe9fea0fa1e45dddcff5682239a0,0x538065c753a7d5868f7d19de1cdff3e3,0x9e74e952664ac31a20baa2f413ea1fdc,2024-01-07 19:45:00,polygon,USDT,8.13,2.7975,transfer,confirmed,2024,1,7
0x9f4b4f2f258308200b389ca0523f92f8,0x2a3db66301df919cb3d78ca7411be0c6,0x45afcb58b2287566457514fd63547d39,2024-01-07 20:10:00,ethereum,ETH,436.81,1.5398,transfer,confirmed,2024,1,7
0xd7fd83eaf0a5593a190e8e9c8d7ece84,0xa132cbbd6a2c2981165a239e22fba6c7,0x641ca52cceb69aeb7138c404690899b7,2024-01-07 20:35:00,solana,USDC,4.62,5.8894,transfer,confirmed,2024,1,7
0xcfaae21cc5ea9eef9bba69c7d4e8710a,0x91d8d21d21d64d8890aae88a01537e24,0x97c459ad151b98091a5257ef6f9b3d8f,2024-01-07 21:00:00,bitcoin,MATIC,3441.58,14.254,mint,confirmed,2024,1,7
0xc4ede56bbd98819ae6112b20ac6bf145,0xb79fbe59e7c297447e5005b13814cd9f,0x30d8e7d93bdce7785022474a4936c960,2024-01-07 21:25:00,ethereum,BTC,4.1,10.0663,transfer,confirmed,2024,1,7
0x62000dee5a05a6a71de3a6127a68778a,0x88c0f392517ad8ea55bb7643a67dcbeb,0x4206b581535fe50d934b0ddbcb6f9f9f,2024-01-07 21:50:00,bitcoin,BTC,5202.63,3.7759,mint,confirmed,2024,1,7
0xb71cad1aa2846b5979cb84c34f7ca880,0x485ddf8dd90940f69b2f2274af864ad3,0xc6ad3e56b5ba93cd0daff6ebf10ecde8,2024-01-07 22:15:00,solana,USDT,220.53,7.3136,swap,failed,2024,1,7
0x6738fc33dd0b3906cd3626397cd247a7,0x3d517fe6ebab7b8cfcf98db6259c8a59,0x98b1599c6a7bb8928d8ce5b159248296,2024-01-07 22:40:00,polygon,USDT,95.72,3.1517,swap,confirmed,2024,1,7
0x9f067d8d6df2d4b8c64fb4c084d6c208,0x24c9e15e52afc47c225b757e7bee1f9d,0x6fb046523caeeee13834a89ce81ea2d1,2024-01-07 23:05:00,bitcoin,ETH,215.2,6.0958,transfer,confirmed,2024,1,7
0xb4f8e5c5fb53f5ba81072451531d5460,0x7e58d63b60197ceb55a1c487989a3720,0xc95bb5b8e0b41912f920009f975b6f68,2024-01-07 23:30:00,bitcoin,USDT,7223.95,2.7559,stake,confirmed,2024,1,7
0xf5f96025b4aa949ad6d1b20e207c66c9,0x92877af70a45fd6a2ed7fe81e1236b78,0x1e32f7a456f064374d79531d261aee2d,2024-01-07 23:55:00,bitcoin,USDC,537.09,5.0147,swap,confirmed,2024,1,7
0xdcd2f3f312b6705fb06f4f9f1b55b55c,0x3f02ebe3d7929b091e3d8ccfde2f3bc6,0xf82c75248f4aef146d6188f4db622d62,2024-01-08 00:20:00,solana,USDC,1.03,22.2444,transfer,confirmed,2024,1,8
0xbeba25deef966d6816093e38d989b9ca,0x0a791842f52a0acfbb3a783378c066b8,0x40bdbb086e97593bafaabf5a786a5eab,2024-01-08 00:45:00,ethereum,BTC,980.88,8.3142,mint,confirmed,2024,1,8
0x6948bd44c91acd2b54ecdd1b132f10fb,0xaffec3b64cf90492377a8114c86fc093,0x09cc6397e8cf09199082fb078552701c,2024-01-08 01:10:00,solana,USDC,143.1,14.8626,transfer,confirmed,2024,1,8
0xabe8e03e3ac71c2ec3bfb0de042638d8,0x3e0469fb134991f8f75a2760e409c6ed,0x0c59a96b82dbee2fffaee1b0d9a20eb3,2024-01-08 01:35:00,solana,USDT,3.55,2.4139,mint,failed,2024,1,8
0x263d532e4904460675006ad964948efa,0x7668f673d5669995175ef91b5d171945,0x686cf7631f6f1d8ad25705ad825905e4,2024-01-08 02:00:00,ethereum,ETH,411.98,2.5886,swap,confirmed,2024,1,8
0x44012e792781772d8795acf27fabed2f,0x8808a13b854c2563da1a5f6cb2130868,0xfa64e505896d0dc1271d27d1c8a4a1ab,2024-01-08 02:25:00,ethereum,ETH,7.99,4.342,stake,confirmed,2024,1,8
0x210b7ec74fc9cec6fb8388dbbdaf23f7,0x990d67a9f94696b1abe2dccf06900322,0x7ac4f4727401eb330597c66122cde5ca,2024-01-08 02:50:00,bitcoin,USDT,129.33,6.9964,stake,pending,2024,1,8
0xe3844e186e6eb8736e9f53c0c5889527,0x03aa1a0b0375b0461c1b8f35b234e67a,0xef9347782273a2197197539de8ce2670,2024-01-08 03:15:00,polygon,USDT,143.52,3.793,swap,confirmed,2024,1,8
0xe62111f5d7b0c67958f9acbdc0288154,0xd781eaae8248db6ce1a7b82e58e60435,0xa6b993b9b39c975218e2e531e9890839,2024-01-08 03:40:00,solana,USDC,24.61,10.081,mint,confirmed,2024,1,8
0x7de6cd35982b5384abd11277d1c25f4f,0xd09979d794a6ee60d836f884739f7196,0xc831a4737bdb12febec1de3b85963596,2024-01-08 04:05:00,solana,USDT,328.7,2.8852,transfer,confirmed,2024,1,8
0xd6d231705f96d5a35aeb3a76402e49a3,0xef06d5cbf35386ff2203d186eeff7923,0x504671942e41c4c4a8d45f9f4e673bec,2024-01-08 04:30:00,ethereum,ETH,11.67,13.3047,mint,confirmed,2024,1,8
0xd958628e70134d9e1e17499a9d815a71,0x726dedc0d6788b05f486730edcc0e871,0x83a9bdc7ceb101cc3b574cdf1db4113d,2024-01-08 04:55:00,ethereum,BTC,131.94,9.7249,swap,confirmed,2024,1,8
0xa6048d1b9c95215f08f9e7fa350e12d5,0x8a62f0beaa5ae938956f5ea290321336,0x903ffe1f5b1b03684bbe81cdff06e24d,2024-01-08 05:20:00,bitcoin,USDC,30.13,1.8356,stake,confirmed,2024,1,8
0x0c4cf62204433859b1f8da8f149dd0ca,0x2b4233ebec7a45e1fb8ddd1aab794f7b,0x98c8e5838ebab85802aa740425c1143d,2024-01-08 05:45:00,bitcoin,BTC,62.47,7.1447,mint,confirmed,2024,1,8
0x4d6da0c32dd563fea116da78ca1ffd39,0x7ac18a1893e1d2bd5b46958ce1d2a8d0,0x5f6a53241a0081a33fb790ba2041e811,2024-01-08 06:10:00,polygon,ETH,4212.37,3.7464,swap,confirmed,2024,1,8
0xe3f3064ac424a80e0abec999e9ac6d17,0x2baab43f784b5b530b5347a50490bb0a,0x10acc60f090253259fcb73448e545599,2024-01-08 06:35:00,ethereum,MATIC,112.63,10.1251,mint,confirmed,2024,1,8
0x2118b9f689c4e8d78d34218688a7a1cf,0x10880c7f4e4209eeda79711e1ea1723e,0x493dfb5090f60f4c095be6946290bd14,2024-01-08 07:00:00,polygon,BTC,10.23,2.9152,swap,confirmed,2024,1,8
0xe9074df9d70cb6f30fa378e92edbb490,0x2e129db15b6d6db5342ba5d328642262,0xf98919752bf9bfb31e539a1fe663fd68,2024-01-08 07:25:00,solana,BTC,71.2,5.7482,transfer,confirmed,2024,1,8
0xe9d36f808f1dda1039aa9b194ba12104,0x87dc1e131a1369fdf8f1c824a6a62dff,0x8b550a0ca911a53b1c6fc398c7828f40,2024-01-08 07:50:00,solana,USDT,19.33,6.9349,stake,confirmed,2024,1,8
0x6ba0bf4c0fe33816952cd589611c4dbc,0x00a65dd47e842bcc3d82a296301071fb,0x3e99ad8ee3fbcbfa3d369d7fb0b0ea89,2024-01-08 08:15:00,solana,BTC,94.91,0.495,transfer,confirmed,2024,1,8
0xf3304160fbf7c5dc12beccceae3cd839,0x5e6c9b24829588e0ac8f7d8074a4bfd4,0xdbb63dee74ead9034defd63d91d197e9,2024-01-08 08:40:00,solana,ETH,124.44,0.9958,transfer,confirmed,2024,1,8
0x65cf25ef90de99d93fa96dc49d0d8b3c,0x0f8f84c18bfd5244ed976f63924a8a0e,0xb522147e61ba70e1757adf4988757bca,2024-01-08 09:05:00,solana,USDT,106.69,4.9645,transfer,confirmed,2024,1,8
0xe32084632d369461572832e6582aac36,0xa507ac920f797876259f3c91f5cdef99,0xf0277b130fa4966f39fd1986168dc042,2024-01-08 09:30:00,ethereum,USDC,106.44,4.0506,transfer,confirmed,2024,1,8
0x0465a1824942fac19824528343613213,0x078d079e6146dec4dbf2135a8e513e2e,0xe3f75d063f1c0ffeecdc7279a596b33d,2024-01-08 09:55:00,solana,BTC,30.3,10.1005,transfer,confirmed,2024,1,8
0x31d754e8615621112f3956fae2707df8,0xb6f7fac0074f6508e5a4540ad89b55c0,0xf13932e0a4ec5d0230b59297872828c3,2024-01-08 10:20:00,ethereum,ETH,221.05,5.3698,swap,confirmed,2024,1,8
0x1a996ecc8065d4122914eb3511de0605,0x244fd63d0adbf673130fce2f222078a5,0x9bb2ae6f61c1343a3d1dba3c1d3c2543,2024-01-08 10:45:00,ethereum,BTC,745.99,1.6214,transfer,confirmed,2024,1,8
0xd83df0d58637d4fca2d52dcdbb3ccb4f,0x40b13b85e6e4fc9c4a6f24379db20a39,0x367c0d916d8b0783510edcdff8d74e73,2024-01-08 11:10:00,bitcoin,BTC,26.03,5.8276,swap,confirmed,2024,1,8
0x7f9bcc33944cd0718a62665e934f7653,0x0c673c53a29acb19c7e55b292d259e4d,0xe60b7244807a33098cb8b5470084a291,2024-01-08 11:35:00,solana,BTC,80.09,2.4586,stake,confirmed,2024,1,8
0xf3935d39e4ea04753b0061e1be62e192,0xd21dbd2c4e178b2cb55dce0c6a43effc,0x636108aafd77e91e6653926a7a32234f,2024-01-08 12:00:00,polygon,ETH,101.64,3.7296,mint,confirmed,2024,1,8
0x70d85f35a1fdc0ab701ff78779306407,0xc6f273ac241a04216e0a703c18c36532,0xe4cec665be9f87189bb2bd890e869de4,2024-01-08 12:25:00,bitcoin,USDC,1104.89,2.9825,swap,confirmed,2024,1,8
0xbeff5a409891f9bf1bfa1e555fe213e2,0x9ece8c4020f8aed10676cd1c56a41889,0x6651559484a21926c6b75bc13df02f63,2024-01-08 12:50:00,bitcoin,ETH,779.52,5.9231,swap,confirmed,2024,1,8
0x41d80bfc327ef980528426fc810a6d7a,0x8cd5a487792e95045574fe205e4efdf9,0xe38ec8009cd040f93d45485dd587fa5f,2024-01-08 13:15:00,solana,ETH,20.9,1.4369,burn,confirmed,2024,1,8
0xcc9109aa1f048c36d154d902612982e2,0x41a2abe109f243e12e72133cf46ea5db,0xf0814ba06ab02d84fa42e227b8474223,2024-01-08 13:40:00,polygon,USDT,104.03,1.829,transfer,confirmed,2024,1,8
0xeff7451f28530f1defbd5e78bb67a742,0x657bc81a9e2fba4293ed712d02a82191,0x8a79ac9d1156e5544b5e1d82e29928d5,2024-01-08 14:05:00,ethereum,USDT,4.54,0.7562,mint,confirmed,2024,1,8
0x402cac3dacf2ef35050ca72743ae6ca7,0xe6f3956464556eb0f7e310ccfaebe1d1,0x51e30bcda7c1b6dd1c64bdba041691d6,2024-01-08 14:30:00,ethereum,ETH,13.05,24.9067,swap,confirmed,2024,1,8
0x16c244e39517c1e577a0b778cb1ce568,0x89a0afa8bca03ba74e75fe1e36d1a431,0x0d298daf0cd25f898698d63619bb225c,2024-01-08 14:55:00,bitcoin,ETH,92.76,2.0155,transfer,pending,2024,1,8
0xdd95829de39fe21f384685c07a1628d8,0x3695b09d29f3d88d21ad2bbfc230edae,0x50d40c7d65b8cce86464ece30791baf1,2024-01-08 15:20:00,ethereum,USDT,317.31,2.2455,transfer,confirmed,2024,1,8
0x2222f99fe4ee52bacba5f5406ff033aa,0xbb534b6741a863fd098b8ea0a709d680,0x20b84384554672518ea97074364e8ced,2024-01-08 15:45:00,bitcoin,MATIC,607.16,1.779,transfer,confirmed,2024,1,8
0x5907c88df2965e500c98e948dfae20c0,0xfd8689cb80113b68be586d8b5a6aa06a,0x98904c8432e48475e7f9a1a1a462d9f2,2024-01-08 16:10:00,ethereum,ETH,48.35,2.6763,transfer,confirmed,2024,1,8
0x7dc8b441cf4e6fe9bc806679c4579e68,0xf0b3b7623d3bedf898459673d778319e,0x07444d0dfde49951b5e96bced7d1bd5f,2024-01-08 16:35:00,bitcoin,USDT,6.01,3.1554,transfer,confirmed,2024,1,8
0xd148c06273c73ec0461b6f82575ef353,0x93b1ad3cfaeb254ea3c68ee7ea23c582,0xe27cb7f03e26d81b0524bc2712f875bb,2024-01-08 17:00:00,solana,ETH,199.09,7.3274,transfer,confirmed,2024,1,8
0xf74412c3c1c8899f3c130bb30ed0e363,0xff0aa5febff01840387a57bf41db361d,0x8d60a2d24ac32109838dba8ccfd474dd,2024-01-08 17:25:00,polygon,USDT,63.68,5.1589,swap,confirmed,2024,1,8
0xc3bfbc2fc89bd1dd71ad5fc5ac96ae69,0xe02181454edbd5c9103b73061e58cd9c,0x9aae4b65adaf348fba0b9782faa2d060,2024-01-08 17:50:00,ethereum,BTC,210.17,5.8275,transfer,confirmed,2024,1,8
0x22456f4b545572855c766df5eefc9832,0xcd654cbb5fea850adf5a28ef7a6e2994,0x59a09da2dea0e23af829a8a7d7eb626c,2024-01-08 18:15:00,ethereum,BTC,124.0,2.793,burn,confirmed,2024,1,8
0xfbdd952178a0387b896822edb02dd34e,0x92007d4feb0c68600f6ea3423d65dea0,0x315b4b76c41a8d69ed1bfd06dc4fddfd,2024-01-08 18:40:00,bitcoin,USDT,376.7,4.2265,transfer,confirmed,2024,1,8
0x7241bd19bb709da0f46807bde88aed25,0x923b25d9d294c98405bfd70ac7604701,0x913fe9b025e9c167d408514af9acc93f,2024-01-08 19:05:00,polygon,USDT,333.37,11.8698,mint,confirmed,2024,1,8
0x1b356667c9a682f8b0215d9d16d286fe,0x5d68f62085335588b67cf713ed6b3cfb,0x523674f0254a14ac1846b3f0c9a6fc9f,2024-01-08 19:30:00,bitcoin,ETH,486.48,4.4003,swap,failed,2024,1,8
0xbd5b4f9a59e6d9f66f569802e55301b5,0x903a4fb3dc3db3f194ff4d50d5dd1f06,0xf334f3d21525d7b20c3c864c54d4ddaf,2024-01-08 19:55:00,ethereum,BTC,35.93,5.723,transfer,confirmed,2024,1,8
0xf9afa97535cf7c8789a1c50a2cd83787,0x603ac5175e0b004e988fa8b1fda8c142,0x598179f6dfd19aa5ce9c09ae9afe46e0,2024-01-08 20:20:00,ethereum,MATIC,659.18,0.8835,burn,confirmed,2024,1,8
0x9bc99c590be3511b8d53741684ef574c,0x5a7b32f28b607c1cdca4f6821054a998,0x9e74e952664ac31a20baa2f413ea1fdc,2024-01-08 20:45:00,ethereum,USDC,32.92,6.7747,swap,confirmed,2024,1,8
0x840b37847dbecfa4be4cf70cfade8d1d,0xa45c60cc393deac09b742f8bb58e275f,0x45afcb58b2287566457514fd63547d39,2024-01-08 21:10:00,solana,USDT,106.68,5.5082,transfer,confirmed,2024,1,8
0xf30824bacaaabc2fc3aa0b6d658a56e9,0x0bbf349b0c07a1777892a8d13937571e,0x641ca52cceb69aeb7138c404690899b7,2024-01-08 21:35:00,polygon,USDT,3718.9,12.5539,burn,confirmed,2024,1,8
0xe804a3e088d734b12a3a2acffb77f37a,0x75626fed9acb19545a0e2c0a6d5b19d7,0x97c459ad151b98091a5257ef6f9b3d8f,2024-01-08 22:00:00,bitcoin,ETH,183.76,0.4955,transfer,confirmed,2024,1,8
0x4bbb5420ed2dc9a8eaaedc7ae59de448,0x0699ddd40db0b8a986ecf120f5b872e5,0x30d8e7d93bdce7785022474a4936c960,2024-01-08 22:25:00,polygon,BTC,8.74,4.5612,swap,confirmed,2024,1,8
0x51ecca3abb51c77a924057626825f6a3,0x81a84a94d8313e42753674c2eeaa0186,0x4206b581535fe50d934b0ddbcb6f9f9f,2024-01-08 22:50:00,bitcoin,USDC,1773.76,4.0433,swap,confirmed,2024,1,8
0x1b62ff22e70a7197fa1f3f34fa2b7f65,0x03a2b89f849223644395d2951dadff6c,0xc6ad3e56b5ba93cd0daff6ebf10ecde8,2024-01-08 23:15:00,bitcoin,ETH,665.26,4.7634,swap,pending,2024,1,8
0x1a669e81c8093745261889539694be7f,0x0d44502f9db3fa0f1c2dd0b523573f8b,0x98b1599c6a7bb8928d8ce5b159248296,2024-01-08 23:40:00,bitcoin,MATIC,880.9,2.6879,swap,confirmed,2024,1,8
0xb6f76d7dbb84020faf70b18a13d73a27,0xc16fd6e47644c2451f53235797d05252,0x6fb046523caeeee13834a89ce81ea2d1,2024-01-09 00:05:00,bitcoin,USDC,133.54,5.2515,mint,confirmed,2024,1,9
0x9cafd121ba982e6de30ffdf5ada9ce2e,0x9708fa05fcb3e7f4ccc675379da49353,0xc95bb5b8e0b41912f920009f975b6f68,2024-01-09 00:30:00,solana,USDT,179.76,7.776,mint,confirmed,2024,1,9
0xc8e3534f4b1d065ea1d0e5874ed80b00,0xbe2b07d84f10f8b3b3cae84b620cf166,0x1e32f7a456f064374d79531d261aee2d,2024-01-09 00:55:00,polygon,BTC,56.49,4.5915,transfer,confirmed,2024,1,9
0x8ef897e468650c19f3f31529712fc500,0x8f03eb402fb51efd87a8fa821ef71e36,0xf82c75248f4aef146d6188f4db622d62,2024-01-09 01:20:00,polygon,ETH,22.2,3.5007,swap,confirmed,2024,1,9
0x651468b37f95f5f421cccbf8fb7ee376,0x994204a8bf2b1cb2dd875643c0607be7,0x40bdbb086e97593bafaabf5a786a5eab,2024-01-09 01:45:00,ethereum,ETH,1919.83,3.7317,transfer,confirmed,2024,1,9
0xd117dca133c64bf78a4b7696dd007189,0xee8c50f66027b5867b029f14d8cc6566,0x09cc6397e8cf09199082fb078552701c,2024-01-09 02:10:00,bitcoin,USDT,43.09,3.2419,transfer,confirmed,2024,1,9
0x1eaa260fddcc15e3c1f09453b8d5bd92,0xc8ce9fddb99dbb5d3a80b207246f74b5,0x0c59a96b82dbee2fffaee1b0d9a20eb3,2024-01-09 02:35:00,bitcoin,BTC,34.42,4.5628,transfer,pending,2024,1,9
0xcd506ab1234b234645dcf279691347f5,0xe40c701b30b098a3c632425d845f95e3,0x686cf7631f6f1d8ad25705ad825905e4,2024-01-09 03:00:00,ethereum,USDC,37.08,2.4872,mint,confirmed,2024,1,9
0x82d3149fc1f8d2305e7c6d56a6c5689d,0x446e3045851a8538cd64d8b7e82dbc37,0xfa64e505896d0dc1271d27d1c8a4a1ab,2024-01-09 03:25:00,bitcoin,ETH,3731.95,0.8976,transfer,confirmed,2024,1,9
0x47a3893cc405396a5c30d91320572d6d,0x1af70c8771c50d65f8ba3d678e90e1e9,0x7ac4f4727401eb330597c66122cde5ca,2024-01-09 03:50:00,ethereum,USDC,521.27,13.05,transfer,pending,2024,1,9
0x3142c42ca1d6675586ec636631a0c922,0xceb8dce4ae22145e78522275f277435d,0xef9347782273a2197197539de8ce2670,2024-01-09 04:15:00,ethereum,USDC,43.13,1.0804,transfer,confirmed,2024,1,9
0x86f3f50a6f945bbfa351e55faac043fb,0x8c4b3595f4509c39f6435176354b61b9,0xa6b993b9b39c975218e2e531e9890839,2024-01-09 04:40:00,polygon,USDT,82.17,4.0036,swap,confirmed,2024,1,9
0x8123b781e08f4d9e89ea88f53e6431a9,0x00ed29a6406651afe71482b5470432f5,0xc831a4737bdb12febec1de3b85963596,2024-01-09 05:05:00,polygon,ETH,249.86,1.5482,mint,confirmed,2024,1,9
0x7eab47bf3a57db8e440e5a788467c37f,0x5e9ea435dd2df6ec80402f291d9df643,0x504671942e41c4c4a8d45f9f4e673bec,2024-01-09 05:30:00,polygon,ETH,521.62,3.4937,burn,confirmed,2024,1,9
0xb2df0a0d4116c55f81fd5aa1ef876510,0xf0c42ab73bcb8e92099ab3c7d389b57e,0x83a9bdc7ceb101cc3b574cdf1db4113d,2024-01-09 05:55:00,ethereum,ETH,3.59,2.0282,transfer,confirmed,2024,1,9
0xa41db61e2728ef963614a8c8755b9b9a,0x05d7c46897b133cde5c4345442737622,0x903ffe1f5b1b03684bbe81cdff06e24d,2024-01-09 06:20:00,ethereum,ETH,548.71,4.2378,transfer,failed,2024,1,9
0xd7f6db68da03fee4df7856f3323dd380,0xf330353f8c4cc94205ec099bead3053c,0x98c8e5838ebab85802aa740425c1143d,2024-01-09 06:45:00,ethereum,USDT,58.2,2.2366,transfer,confirmed,2024,1,9
0x0527b1b41d984cd95100beff3605d26e,0xa9f93a64f168d5eb0de529331648591b,0x5f6a53241a0081a33fb790ba2041e811,2024-01-09 07:10:00,ethereum,BTC,22.83,1.5522,burn,pending,2024,1,9
0xd35a29602005cb55aa57a5f683c8e0c2,0x3d62bbb65605350d9cf43fad107b093e,0x10acc60f090253259fcb73448e545599,2024-01-09 07:35:00,ethereum,USDC,41.24,5.6049,stake,confirmed,2024,1,9
0x6f4b7fd3eea0af87f9990faa8e3287f1,0xe876db23879ffaa9793f6a102e5063e6,0x493dfb5090f60f4c095be6946290bd14,2024-01-09 08:00:00,solana,ETH,438.72,12.7171,transfer,failed,2024,1,9
0x689016f6ee80ef507e2f5d67614b4be8,0x2b2c3ac6fd5656c66b6349297f7c8f34,0xf98919752bf9bfb31e539a1fe663fd68,2024-01-09 08:25:00,solana,BTC,3031.66,5.7655,mint,confirmed,2024,1,9
0xc5a3c867a3dfb776552dcfc804d4937e,0x9edb92515fc5ae08c2d8f9bca5c16c4b,0x8b550a0ca911a53b1c6fc398c7828f40,2024-01-09 08:50:00,ethereum,USDC,121.01,4.7658,swap,confirmed,2024,1,9
0x5cfe9b8fb129f0fe3ffc7b209ac471ed,0xccf718bf7d49ae991b33f88452a627ed,0x3e99ad8ee3fbcbfa3d369d7fb0b0ea89,2024-01-09 09:15:00,ethereum,MATIC,274.19,1.88,stake,confirmed,2024,1,9
0xca91873a9667a6bd98115829f350b5a4,0x7f11aff8ee3ab2d4561f4f5bb996f538,0xdbb63dee74ead9034defd63d91d197e9,2024-01-09 09:40:00,solana,ETH,17.67,4.0796,swap,confirmed,2024,1,9
0x100d5d9191f185eeb98d6e291756954a,0x5e50bebfaee0312ad55e13ced21b88e6,0xb522147e61ba70e1757adf4988757bca,2024-01-09 10:05:00,bitcoin,USDC,240.49,6.228,stake,confirmed,2024,1,9
0x5cce25ff8c3ce169488fe6c6f1ad3c97,0xd59cfe083c72a3fad01d607c9e347122,0xf0277b130fa4966f39fd1986168dc042,2024-01-09 10:30:00,bitcoin,USDT,466.52,2.5865,swap,confirmed,2024,1,9
0x2287c6b8641dd2d21ab050eb9ff795f3,0x117c29a4d1b26107f19570a5d1595ee0,0xe3f75d063f1c0ffeecdc7279a596b33d,2024-01-09 10:55:00,bitcoin,ETH,4.59,8.9386,transfer,confirmed,2024,1,9
0x1d02e76acf9122a892c8143cd6cb6222,0x2077a0f8539ebe890a3dc0beb6c7a444,0xf13932e0a4ec5d0230b59297872828c3,2024-01-09 11:20:00,ethereum,USDT,32.27,4.2098,mint,confirmed,2024,1,9
0xab2ce2a4bbb59dab4f43dada87ef0e23,0x3ebab37e751cc294662d6b3a24d01b40,0x9bb2ae6f61c1343a3d1dba3c1d3c2543,2024-01-09 11:45:00,bitcoin,ETH,437.73,5.7674,transfer,confirmed,2024,1,9
0x5f0ad4db43d8723d18169b2e4817a160,0x13731d57d40149e7b6a3a549e4042293,0x367c0d916d8b0783510edcdff8d74e73,2024-01-09 12:10:00,polygon,BTC,2.67,2.9187,mint,confirmed,2024,1,9
0x003dd617c12d444ff9c80f717c3fa982,0x0e4552acbe2f5ff5416fea0a7c0fbf7a,0xe60b7244807a33098cb8b5470084a291,2024-01-09 12:35:00,bitcoin,MATIC,42.61,2.9342,swap,confirmed,2024,1,9
0x0d8f8313c83e69d101e8997d3065fbff,0x90706f14ef1087cf9501b926fe97533e,0x636108aafd77e91e6653926a7a32234f,2024-01-09 13:00:00,polygon,USDT,299.28,5.1757,transfer,pending,2024,1,9
0x0b4078ee99ffc88fb383ffcdcd377d67,0x538065c753a7d5868f7d19de1cdff3e3,0xe4cec665be9f87189bb2bd890e869de4,2024-01-09 13:25:00,ethereum,ETH,3.06,5.9011,transfer,confirmed,2024,1,9
0x35613dde17e11caa281c2e7bc2ac7acc,0x2a3db66301df919cb3d78ca7411be0c6,0x6651559484a21926c6b75bc13df02f63,2024-01-09 13:50:00,polygon,USDT,40.72,5.7217,stake,confirmed,2024,1,9
0xe0e6518d2cac6a5b1fa6b05498a5e7be,0xa132cbbd6a2c2981165a239e22fba6c7,0xe38ec8009cd040f93d45485dd587fa5f,2024-01-09 14:15:00,solana,ETH,100.45,1.9194,transfer,confirmed,2024,1,9
0xc622c085c04eadc473f08541b255320e,0x91d8d21d21d64d8890aae88a01537e24,0xf0814ba06ab02d84fa42e227b8474223,2024-01-09 14:40:00,ethereum,USDC,534.21,2.406,transfer,confirmed,2024,1,9
0x5c53292c032b6cb8510041c54274e65f,0xb79fbe59e7c297447e5005b13814cd9f,0x8a79ac9d1156e5544b5e1d82e29928d5,2024-01-09 15:05:00,bitcoin,USDT,6.98,4.253,stake,confirmed,2024,1,9
0x4dfd2a142d36707f8043c40ce0746761,0x88c0f392517ad8ea55bb7643a67dcbeb,0x51e30bcda7c1b6dd1c64bdba041691d6,2024-01-09 15:30:00,polygon,USDT,828.01,0.9786,transfer,confirmed,2024,1,9
0x6f16f5fc2cf3c8c09e020596e15da2e9,0x485ddf8dd90940f69b2f2274af864ad3,0x0d298daf0cd25f898698d63619bb225c,2024-01-09 15:55:00,ethereum,ETH,165.89,9.9655,transfer,confirmed,2024,1,9
